object_name,collection,zone,cx,cy,bottom_z,ground_z,gap_m,action
Cave_Rock_04,Collection,other,166.0,-167.0,89.629,106.314,-16.685,snap_bottom
Cave_Rock_02,Collection,other,161.0,-169.0,89.507,106.015,-16.508,snap_bottom
Cave_Rock_03,Collection,other,171.0,-169.0,87.796,102.068,-14.272,snap_bottom
Cave_Rock_05,Collection,other,152.0,-169.0,96.043,108.774,-12.731,snap_bottom
Cave_Rock_06,Collection,other,179.0,-170.0,86.038,95.919,-9.881,snap_bottom
Cave_Rock_00,Collection,other,156.0,-176.0,91.27,100.98,-9.71,snap_bottom
Cave_Rock_01,Collection,other,175.0,-175.0,80.503,89.934,-9.431,snap_bottom
Cave_Lip_Top,Collection,other,166.0,-185.0,92.345,85.859,6.486,snap_bottom
Cave_Lip_Right,Collection,other,178.0,-185.0,81.745,84.529,-2.784,raise_to_ground
Cave_Lip_Left,Collection,other,154.0,-185.0,91.495,88.817,2.677,snap_bottom
Bush_A00,Collection,other,-190.41,-11.85,-1.322,-1.172,-0.15,ok
Bush_A07,Collection,other,-64.0,-52.98,1.642,1.792,-0.15,ok
Bush_A13,Collection,other,-108.84,-82.77,3.038,3.188,-0.15,ok
Bush_A33,Collection,other,35.4,-119.23,35.797,35.947,-0.15,ok
Bush_A36,Collection,other,-138.16,-46.58,-1.217,-1.067,-0.15,ok
Bush_A45,Collection,other,-166.27,69.7,1.553,1.703,-0.15,ok
Bush_A48,Collection,other,-186.25,-44.67,-1.388,-1.238,-0.15,ok
Bush_A50,Collection,other,28.77,-119.88,32.626,32.776,-0.15,ok
Bush_A54,Collection,other,23.75,-97.88,28.502,28.652,-0.15,ok
Bush_F027,Collection,other,-122.36,-110.41,2.907,3.057,-0.15,ok
Bush_Old_029,Collection,other,-94.75,-46.32,1.072,1.222,-0.15,ok
Bush_Old_031,Collection,other,-98.48,-52.57,1.554,1.704,-0.15,ok
Bush_Old_043,Collection,other,-87.74,64.73,-1.264,-1.114,-0.15,ok
Bush_Old_070,Collection,other,-94.87,189.62,0.645,0.795,-0.15,ok
Bush_Old_112,Collection,other,-125.14,211.37,-1.171,-1.021,-0.15,ok
Bush_Old_115,Collection,other,-88.22,203.33,0.531,0.68,-0.15,ok
Bush_Old_125,Collection,other,-183.63,216.0,0.972,1.122,-0.15,ok
Bush_Old_153,Collection,other,-12.84,-30.69,7.26,7.409,-0.15,ok
Bush_Old_182,Collection,other,88.62,52.36,15.659,15.809,-0.15,ok
Bush_Old_187,Collection,other,65.47,196.07,1.879,2.029,-0.15,ok
Bush_Old_190,Collection,other,103.52,177.4,1.925,2.075,-0.15,ok
Bush_Old_193,Collection,other,188.4,207.54,5.004,5.153,-0.15,ok
Bush_Old_196,Collection,C_rural,124.48,119.94,5.008,5.158,-0.15,ok
Bush_Old_209,Collection,C_rural,133.15,109.62,5.152,5.302,-0.15,ok
Bush_Old_211,Collection,other,82.99,55.55,15.341,15.491,-0.15,ok
Bush_Old_218,Collection,C_rural,106.69,151.01,3.237,3.387,-0.15,ok
Flor_19,Collection,other,18.0,-38.0,16.054,16.204,-0.15,ok
Flor_5,Collection,other,6.0,-25.0,12.114,12.264,-0.15,ok
Flor_6,Collection,other,8.0,-27.0,12.724,12.874,-0.15,ok
Flor_9,Collection,other,0.0,-35.0,10.697,10.847,-0.15,ok
Log_F05,Collection,other,-187.95,-48.58,-1.11,-0.96,-0.15,ok
Log_F16,Collection,other,-167.14,-22.35,-1.058,-0.908,-0.15,ok
Log_Old_018,Collection,other,-77.0,-58.0,1.555,1.705,-0.15,ok
Log_Old_020,Collection,other,-75.4,-58.0,1.589,1.739,-0.15,ok
Log_Old_021,Collection,other,-74.6,-58.0,1.606,1.756,-0.15,ok
Log_Old_023,Collection,other,-76.2,-57.35,1.51,1.66,-0.15,ok
Log_Old_024,Collection,other,-75.4,-57.35,1.527,1.677,-0.15,ok
Log_Old_025,Collection,other,-74.6,-57.35,1.544,1.694,-0.15,ok
Log_Old_026,Collection,other,-77.0,-56.7,1.431,1.581,-0.15,ok
Log_Old_030,Collection,other,-77.0,-56.05,1.369,1.519,-0.15,ok
Planicie_Pasto_Alto_000,Collection,other,65.96,165.34,4.121,4.271,-0.15,ok
Planicie_Pasto_Alto_004,Collection,other,44.07,193.23,2.363,2.513,-0.15,ok
Planicie_Pasto_Alto_007,Collection,C_rural,135.24,126.25,4.222,4.372,-0.15,ok
Planicie_Pasto_Alto_022,Collection,C_rural,108.78,146.5,3.598,3.748,-0.15,ok
Planicie_Pasto_Alto_024,Collection,other,75.08,121.09,4.307,4.457,-0.15,ok
Planicie_Pasto_Alto_026,Collection,other,64.35,118.53,4.411,4.56,-0.15,ok
Ribera_0_-1_3,Collection,other,-103.89,-111.32,3.641,3.791,-0.15,ok
Ribera_0_1_3,Collection,other,-111.56,-104.96,3.153,3.303,-0.15,ok
Ribera_12_1_0,Collection,other,-38.59,-32.72,2.888,3.038,-0.15,ok
Ribera_13_-1_1,Collection,other,-21.3,-32.48,5.66,5.809,-0.15,ok
Ribera_13_1_1,Collection,other,-31.64,-23.44,3.069,3.219,-0.15,ok
Ribera_14_1_1,Collection,other,-23.84,-17.34,3.996,4.146,-0.15,ok
Ribera_15_1_2,Collection,other,-18.46,-9.6,5.003,5.153,-0.15,ok
Ribera_16_-1_1,Collection,other,-5.55,-13.4,8.504,8.653,-0.15,ok
Ribera_16_-1_3,Collection,other,-4.55,-14.21,8.807,8.957,-0.15,ok
Ribera_17_-1_0,Collection,other,4.37,-8.77,11.899,12.049,-0.15,ok
Ribera_17_-1_1,Collection,other,4.53,-9.45,11.933,12.083,-0.15,ok
Ribera_17_-1_3,Collection,other,5.02,-11.1,12.036,12.186,-0.15,ok
Ribera_1_1_0,Collection,other,-101.95,-98.06,3.716,3.866,-0.15,ok
Ribera_25_-1_0,Collection,other,65.37,43.75,17.612,17.762,-0.15,ok
Ribera_25_1_0,Collection,other,54.22,56.56,14.568,14.718,-0.15,ok
Ribera_25_1_1,Collection,other,55.01,56.61,14.643,14.793,-0.15,ok
Ribera_25_1_2,Collection,other,54.36,55.0,14.887,15.037,-0.15,ok
Ribera_25_1_3,Collection,other,54.51,55.81,14.749,14.899,-0.15,ok
Ribera_28_1_0,Collection,other,90.47,88.06,8.717,8.867,-0.15,ok
Ribera_28_1_1,Collection,other,91.28,88.11,8.7,8.85,-0.15,ok
Ribera_28_1_2,Collection,other,90.39,91.09,8.222,8.372,-0.15,ok
Ribera_29_-1_2,Collection,other,112.11,83.28,9.064,9.214,-0.15,ok
Ribera_2_-1_0,Collection,other,-88.19,-96.31,4.786,4.936,-0.15,ok
Ribera_2_1_0,Collection,other,-96.05,-89.99,3.878,4.028,-0.15,ok
Ribera_3_-1_3,Collection,other,-82.02,-86.64,4.519,4.669,-0.15,ok
Ribera_3_1_2,Collection,other,-89.55,-80.65,3.614,3.764,-0.15,ok
Ribera_3_1_3,Collection,other,-88.1,-80.88,3.66,3.81,-0.15,ok
Ribera_4_-1_0,Collection,other,-76.29,-79.09,4.0,4.15,-0.15,ok
Ribera_4_-1_1,Collection,other,-76.03,-79.39,4.053,4.203,-0.15,ok
Ribera_4_-1_2,Collection,other,-75.69,-78.68,3.985,4.135,-0.15,ok
Ribera_4_-1_3,Collection,other,-75.47,-80.0,4.163,4.313,-0.15,ok
Ribera_6_-1_1,Collection,other,-64.74,-70.87,3.699,3.849,-0.15,ok
Ribera_7_1_0,Collection,other,-66.02,-58.8,2.067,2.217,-0.15,ok
Ribera_8_1_1,Collection,other,-61.08,-51.69,1.784,1.934,-0.15,ok
Ribera_9_-1_2,Collection,other,-50.22,-58.04,3.908,4.058,-0.15,ok
Ribera_9_-1_3,Collection,other,-48.14,-58.58,4.338,4.488,-0.15,ok
Ribera_9_1_0,Collection,other,-55.75,-50.38,2.222,2.372,-0.15,ok
Rock_F02.001,Collection,other,-66.09,-72.41,3.802,3.952,-0.15,ok
Rock_F04.001,Collection,other,-189.26,-15.0,-1.485,-1.335,-0.15,ok
Rock_F07,Collection,other,-172.33,1.94,1.351,1.501,-0.15,ok
Rock_F10.001,Collection,other,27.35,-135.16,30.843,30.993,-0.15,ok
Rock_F12,Collection,other,-112.9,-34.29,0.207,0.356,-0.15,ok
Rock_F13.001,Collection,other,-173.88,-23.54,-1.42,-1.27,-0.15,ok
Rock_F17,Collection,other,-171.89,-24.92,-1.418,-1.268,-0.15,ok
Rock_F19,Collection,other,-170.41,42.46,3.652,3.802,-0.15,ok
Rock_Old_008,Collection,other,-149.98,53.6,1.799,1.949,-0.15,ok
Rock_Old_071,Collection,other,142.64,194.07,6.301,6.451,-0.15,ok
Tallo_13,Collection,other,-25.0,-22.0,4.008,4.158,-0.15,ok
Tallo_19,Collection,other,18.0,-38.0,16.054,16.204,-0.15,ok
Tallo_5,Collection,other,6.0,-25.0,12.114,12.264,-0.15,ok
Tallo_6,Collection,other,8.0,-27.0,12.724,12.874,-0.15,ok
Tallo_9,Collection,other,0.0,-35.0,10.697,10.847,-0.15,ok
Tocon_Z1_01,Collection,other,185.01,49.67,13.667,13.817,-0.15,ok
Tocon_Z1_02,Collection,other,196.37,50.21,12.931,13.081,-0.15,ok
Bush_F000,Collection,other,-93.72,-16.79,0.152,0.301,-0.149,ok
Bush_F021,Collection,other,-110.01,-30.49,0.112,0.262,-0.149,ok
Bush_F033,Collection,other,-135.73,-99.73,2.675,2.824,-0.149,ok
Bush_F060,Collection,other,-208.0,-49.89,-0.708,-0.559,-0.149,ok
Bush_F072,Collection,other,-207.13,-84.78,-0.132,0.017,-0.149,ok
Bush_Old_044,Collection,other,-167.22,47.96,3.209,3.358,-0.149,ok
Bush_Old_048,Collection,other,-144.62,214.45,-0.584,-0.435,-0.149,ok
Bush_Old_051,Collection,other,-207.42,68.37,4.248,4.397,-0.149,ok
Bush_Old_053,Collection,other,-75.85,206.47,1.456,1.605,-0.149,ok
Bush_Old_068,Collection,other,-203.11,50.88,4.808,4.956,-0.149,ok
Bush_Old_074,Collection,other,-213.92,81.58,3.108,3.258,-0.149,ok
Bush_Old_075,Collection,other,-184.26,55.05,4.439,4.588,-0.149,ok
Bush_Old_081,Collection,other,-195.82,46.16,4.805,4.955,-0.149,ok
Bush_Old_092,Collection,other,-183.71,202.2,1.969,2.117,-0.149,ok
Bush_Old_096,Collection,other,-154.99,44.85,2.787,2.936,-0.149,ok
Bush_Old_100,Collection,other,-158.82,52.41,2.308,2.457,-0.149,ok
Bush_Old_110,Collection,other,-167.92,53.24,2.939,3.088,-0.149,ok
Bush_Old_135,Collection,other,-214.24,201.86,3.412,3.562,-0.149,ok
Bush_Old_144,Collection,other,-162.99,79.07,0.572,0.721,-0.149,ok
Bush_Old_184,Collection,other,159.36,197.79,6.934,7.083,-0.149,ok
Bush_Old_206,Collection,C_rural,128.52,125.27,4.547,4.696,-0.149,ok
Bush_Old_210,Collection,other,184.89,208.22,5.154,5.304,-0.149,ok
Bush_Old_214,Collection,C_rural,129.28,149.17,4.357,4.506,-0.149,ok
Bush_P05,Collection,other,75.06,114.33,4.779,4.928,-0.149,ok
Bush_P20,Collection,other,97.86,23.56,21.456,21.605,-0.149,ok
Bush_P23,Collection,C_rural,102.79,138.59,4.095,4.244,-0.149,ok
Monticulo_Tierra_06,Collection,other,141.76,63.8,13.387,13.537,-0.149,ok
Pasto_Alto_Z0_00,Collection,other,-29.26,-40.6,5.289,5.438,-0.149,ok
Pasto_Alto_Z2_04,Collection,other,-74.11,37.51,0.278,0.426,-0.149,ok
Planicie_Pasto_Alto_005,Collection,C_rural,114.16,121.43,5.376,5.525,-0.149,ok
Planicie_Pasto_Alto_006,Collection,other,56.53,125.85,4.494,4.643,-0.149,ok
Planicie_Pasto_Alto_010,Collection,other,214.19,48.7,13.111,13.26,-0.149,ok
Planicie_Pasto_Alto_011,Collection,other,51.99,168.26,4.303,4.453,-0.149,ok
Ribera_25_-1_2,Collection,other,64.39,43.52,17.617,17.765,-0.149,ok
Ribera_7_-1_3,Collection,other,-59.59,-66.67,3.689,3.838,-0.149,ok
Rock_F15,Collection,other,-121.24,-95.05,2.789,2.938,-0.149,ok
Rock_Old_018,Collection,other,-215.51,120.62,2.622,2.77,-0.149,ok
Rock_Old_075,Collection,other,192.93,99.71,8.28,8.429,-0.149,ok
Rock_Old_077,Collection,other,209.04,204.88,3.846,3.995,-0.149,ok
Bush_F003,Collection,other,-66.26,-50.76,1.319,1.467,-0.148,ok
Bush_F015,Collection,other,-209.66,-67.76,-0.129,0.018,-0.148,ok
Bush_F054,Collection,other,-114.15,-113.77,3.043,3.19,-0.148,ok
Bush_F057,Collection,other,-148.98,-10.41,1.24,1.389,-0.148,ok
Bush_F069,Collection,other,-152.02,-24.13,-0.589,-0.441,-0.148,ok
Bush_F084,Collection,other,-188.94,-140.41,-3.274,-3.126,-0.148,ok
Bush_Old_027,Collection,other,-99.2,-62.02,2.227,2.375,-0.148,ok
Bush_Old_028,Collection,other,-98.06,-63.88,2.361,2.509,-0.148,ok
Bush_Old_052,Collection,other,-137.77,60.92,0.795,0.943,-0.148,ok
Bush_Old_067,Collection,other,-84.06,208.67,0.841,0.989,-0.148,ok
Bush_Old_082,Collection,other,-127.54,71.4,-0.508,-0.36,-0.148,ok
Bush_Old_145,Collection,other,-142.45,44.23,2.554,2.702,-0.148,ok
Bush_Old_189,Collection,other,75.9,99.13,6.666,6.814,-0.148,ok
Bush_Old_199,Collection,other,138.65,195.9,5.834,5.982,-0.148,ok
Bush_Old_205,Collection,other,61.81,208.49,0.384,0.533,-0.148,ok
Bush_Old_220,Collection,other,50.87,93.48,7.191,7.34,-0.148,ok
Pasto_Alto_Z0_01,Collection,other,-32.26,-37.7,4.384,4.532,-0.148,ok
Pasto_Alto_Z0_02,Collection,other,-24.03,-32.79,5.201,5.348,-0.148,ok
Pasto_Alto_Z0_04,Collection,other,-34.3,-27.13,2.961,3.109,-0.148,ok
Pasto_Alto_Z3_05,Collection,other,24.8,78.3,7.694,7.843,-0.148,ok
Planicie_Pasto_Alto_015,Collection,other,71.72,109.58,5.16,5.309,-0.148,ok
Planicie_Pasto_Alto_016,Collection,other,146.74,194.07,6.718,6.866,-0.148,ok
Rock_Old_021,Collection,other,-193.37,97.73,1.664,1.812,-0.148,ok
Rock_Old_064,Collection,other,28.26,78.06,7.961,8.109,-0.148,ok
Rock_Old_072,Collection,other,103.12,92.37,8.059,8.207,-0.148,ok
Rock_Old_074,Collection,other,187.29,69.58,10.175,10.323,-0.148,ok
Rock_Old_076,Collection,other,204.77,155.14,8.216,8.365,-0.148,ok
Bush_F009,Collection,other,-134.06,-31.72,-0.631,-0.483,-0.147,ok
Bush_F018,Collection,other,-148.3,-33.83,-1.432,-1.285,-0.147,ok
Bush_F036,Collection,other,-95.1,-8.87,0.166,0.313,-0.147,ok
Bush_F048,Collection,other,-126.85,-34.34,-0.347,-0.2,-0.147,ok
Bush_Old_001,Collection,other,-96.11,55.79,-0.073,0.074,-0.147,ok
Bush_Old_023,Collection,other,82.36,49.42,16.579,16.727,-0.147,ok
Bush_Old_140,Collection,other,-136.66,72.19,-0.474,-0.326,-0.147,ok
Bush_Old_149,Collection,other,-189.96,79.17,3.28,3.427,-0.147,ok
Bush_P14,Collection,other,92.19,8.04,24.359,24.506,-0.147,ok
Monticulo_13,Collection,other,-83.34,208.0,0.895,1.042,-0.147,ok
Pasto_Alto_Z0_03,Collection,other,-30.06,-45.83,5.911,6.058,-0.147,ok
Ribera_0_-1_0,Collection,other,-105.24,-111.91,3.531,3.678,-0.147,ok
Rock_Old_020,Collection,other,-205.91,48.6,4.552,4.699,-0.147,ok
Rock_Old_047,Collection,other,56.2,64.08,13.232,13.379,-0.147,ok
Rock_P00,Collection,other,103.38,96.89,7.563,7.71,-0.147,ok
Bush_F045,Collection,other,-75.23,-135.41,6.528,6.674,-0.146,ok
Bush_F090,Collection,other,-135.88,-131.99,2.104,2.25,-0.146,ok
Log_A07,Collection,other,-112.56,-99.91,3.111,3.256,-0.146,ok
Rock_Old_031,Collection,other,-215.13,131.72,2.701,2.847,-0.146,ok
Rock_Old_038,Collection,other,-213.35,216.03,2.222,2.368,-0.146,ok
Rock_Old_045,Collection,other,57.11,62.99,13.532,13.678,-0.146,ok
Rock_Old_049,Collection,other,54.96,63.37,13.262,13.408,-0.146,ok
Rock_Old_052,Collection,other,56.19,61.91,13.687,13.833,-0.146,ok
Rock_Old_056,Collection,other,-14.98,-33.05,7.024,7.169,-0.146,ok
Tocon_Z3_01,Collection,other,31.36,65.37,10.109,10.255,-0.146,ok
Tocon_Z3_02,Collection,other,15.53,75.67,7.434,7.58,-0.146,ok
Bush_F006,Collection,other,-99.87,-119.29,4.067,4.212,-0.145,ok
Bush_F024,Collection,other,-77.18,-83.51,4.506,4.65,-0.145,ok
Bush_F051,Collection,other,-131.16,-85.95,2.003,2.148,-0.145,ok
Bush_P10,Collection,other,0.11,130.27,3.968,4.113,-0.145,ok
Lib_Tree_19.008,Collection,other,-183.42,-9.21,-0.764,-0.619,-0.145,ok
Log_A01,Collection,other,-4.47,-25.44,9.067,9.212,-0.145,ok
Monticulo_Tierra_01,Collection,other,15.61,105.14,5.514,5.659,-0.145,ok
Monticulo_Tierra_10,Collection,other,47.34,202.07,1.444,1.59,-0.145,ok
Rock_Old_003,Collection,other,-75.47,212.71,1.809,1.955,-0.145,ok
Rock_Old_029,Collection,other,-195.34,208.75,2.037,2.182,-0.145,ok
Rock_Old_048,Collection,other,55.45,63.95,13.192,13.337,-0.145,ok
Rock_Old_050,Collection,other,54.97,62.62,13.42,13.565,-0.145,ok
Rock_Old_054,Collection,other,-16.96,-24.97,5.865,6.011,-0.145,ok
Rock_Old_119,Collection,other,81.71,56.12,15.291,15.436,-0.145,ok
Rock_P15,Collection,other,80.0,45.58,17.345,17.49,-0.145,ok
Bush_F030,Collection,other,-181.5,-115.36,-1.03,-0.886,-0.144,ok
Bush_F087,Collection,other,-166.25,-149.08,-2.798,-2.653,-0.144,ok
Monticulo_07,Collection,other,-91.39,212.27,0.196,0.34,-0.144,ok
Monticulo_Tierra_11,Collection,other,102.94,57.56,13.822,13.966,-0.144,ok
Pasto_Alto_Z2_01,Collection,other,-58.34,44.09,1.03,1.173,-0.144,ok
Rock_Old_121,Collection,other,86.37,54.39,15.388,15.532,-0.144,ok
Bush_F012,Collection,other,-156.37,-115.0,2.017,2.16,-0.143,ok
Bush_F039,Collection,other,-120.28,-60.06,1.241,1.383,-0.143,ok
Bush_F063,Collection,other,-155.56,-157.85,-2.901,-2.759,-0.143,ok
Bush_F081,Collection,other,-59.22,-105.62,8.378,8.521,-0.143,ok
Monticulo_08,Collection,other,-79.87,208.4,1.229,1.372,-0.143,ok
Rock_F04,Collection,other,-63.57,-121.09,8.2,8.343,-0.143,ok
Rock_Old_120,Collection,other,82.31,59.17,14.638,14.78,-0.143,ok
Monticulo_Tierra_07,Collection,other,39.63,200.99,1.803,1.945,-0.142,ok
Monticulo_Tierra_08,Collection,other,157.67,60.24,13.963,14.105,-0.142,ok
Rock_Old_037,Collection,other,-142.12,89.52,-1.586,-1.444,-0.142,ok
Monticulo_Tierra_09,Collection,other,38.07,209.97,1.215,1.356,-0.141,ok
Monticulo_Tierra_04,Collection,other,42.49,205.63,1.299,1.438,-0.139,ok
Monti_03,Collection,other,73.43,52.47,16.233,16.37,-0.137,ok
Rock_Old_078,Collection,other,197.5,183.57,5.952,6.089,-0.137,ok
Rock_Old_065,Collection,other,22.28,71.51,8.353,8.49,-0.136,ok
Log_A09,Collection,other,-165.1,44.93,3.214,3.348,-0.135,ok
Rock_F00,Collection,other,-119.22,-146.09,2.613,2.747,-0.134,ok
Rock_M14,Collection,other,215.58,-97.99,50.699,50.833,-0.134,ok
Bush_Old_062,Collection,other,-216.01,67.54,3.49,3.623,-0.133,ok
Ribera_14_-1_3,Collection,other,-13.66,-26.29,6.693,6.826,-0.133,ok
Lib_Rock_06.001,Collection,other,-45.78,30.87,3.298,3.427,-0.129,ok
Ribera_0_1_1,Collection,other,-110.74,-105.83,3.22,3.349,-0.128,ok
Log_A08,Collection,other,-33.69,120.62,0.747,0.874,-0.126,ok
Rock_Old_104,Collection,other,-8.0,-38.0,9.382,9.257,0.125,ok
Ribera_5_1_3,Collection,other,-75.99,-70.38,2.948,3.069,-0.122,ok
Lib_Tree_18.019,Collection,other,-130.6,-47.6,-0.435,-0.315,-0.12,ok
Monticulo_Tierra_00,Collection,other,150.0,52.32,15.82,15.94,-0.12,ok
Log_A05,Collection,other,-24.13,-41.73,6.411,6.53,-0.119,ok
Lib_Tree_20.009,Collection,other,-148.16,-38.56,-1.468,-1.585,0.117,ok
Bush_Old_113,Collection,other,-79.68,214.04,1.485,1.602,-0.116,ok
Ribera_0_-1_2,Collection,other,-105.12,-112.25,3.57,3.685,-0.116,ok
Lib_Rock_05.001,Collection,other,-75.45,45.39,-0.152,-0.036,-0.115,ok
Lib_Tree_18.021,Collection,other,-95.65,-45.55,1.074,1.189,-0.115,ok
Lib_Tree_21.019,Collection,other,-86.63,-153.91,5.194,5.079,0.115,ok
Rock_M07,Collection,other,193.02,-128.81,80.888,81.004,-0.115,ok
Ribera_10_1_1,Collection,other,-50.59,-44.64,2.406,2.52,-0.114,ok
Rock_Old_126,Collection,other,-85.35,-60.59,1.903,2.017,-0.114,ok
Lib_Tree_19.017,Collection,other,-176.78,-31.91,-1.838,-1.727,-0.111,ok
Rock_Old_080,Collection,C_rural,144.93,143.0,5.01,5.12,-0.11,ok
Ribera_6_1_2,Collection,other,-71.46,-63.99,2.356,2.465,-0.109,ok
Log_A06,Collection,other,-57.84,123.28,0.799,0.907,-0.108,ok
Log_A13,Collection,other,-174.63,67.15,2.787,2.894,-0.107,ok
Rock_Old_123,Collection,other,-87.38,-41.58,0.707,0.814,-0.107,ok
Monti_11,Collection,other,-3.29,-75.25,15.585,15.691,-0.106,ok
Ribera_7_1_3,Collection,other,-66.1,-57.29,1.947,2.053,-0.106,ok
Log_A10,Collection,other,-88.91,-74.43,3.149,3.254,-0.105,ok
Rock_M44,Collection,other,120.86,-216.18,64.298,64.402,-0.104,ok
Ribera_11_1_3,Collection,other,-44.04,-38.24,2.715,2.818,-0.103,ok
Rock_Old_011,Collection,other,-189.35,55.98,4.87,4.972,-0.102,ok
Log_A12,Collection,other,47.32,-111.14,41.359,41.46,-0.101,ok
Monti_00,Collection,other,43.77,-80.49,34.163,34.263,-0.1,ok
Lib_Tree_19.002,Collection,other,-81.61,23.97,1.11,1.012,0.098,ok
Lib_Tree_20.022,Collection,other,88.2,42.44,17.732,17.829,-0.097,ok
Rock_M16,Collection,other,67.29,-158.49,54.87,54.774,0.097,ok
Lib_Tree_19.014,Collection,other,-52.59,-75.11,6.141,6.044,0.096,ok
Lib_Tree_19.025,Collection,other,14.87,98.72,5.878,5.783,0.096,ok
Lib_Shrub_07.007,Collection,C_rural,103.24,148.33,3.629,3.534,0.095,ok
Lib_Tree_21.006,Collection,other,-187.16,-50.97,-0.988,-0.893,-0.095,ok
Lib_Tree_19.016,Collection,other,-52.77,-60.37,4.047,3.953,0.094,ok
Lib_Tree_18.006,Collection,other,-123.08,-161.77,2.065,1.972,0.093,ok
Ribera_18_-1_0,Collection,other,13.65,-2.61,15.049,14.956,0.093,ok
Lib_Tree_21.018,Collection,other,-166.97,-112.58,1.173,1.081,0.092,ok
Rock_M35,Collection,other,87.98,-183.03,64.074,63.982,0.092,ok
Rock_M00,Collection,other,104.34,-203.69,64.809,64.718,0.091,ok
Bush_Old_172,Collection,other,15.7,74.31,7.615,7.706,-0.09,ok
Lib_Tree_19.027,Collection,other,-171.12,61.32,2.972,2.883,0.09,ok
Lib_Tree_20.003,Collection,other,-181.17,-21.44,-1.311,-1.397,0.086,ok
Lib_Tree_21.012,Collection,other,-5.73,-124.7,17.441,17.356,0.085,ok
Monti_08,Collection,other,51.43,-72.57,36.252,36.337,-0.085,ok
Lib_Tree_20.027,Collection,other,-197.47,79.58,3.659,3.744,-0.084,ok
Rock_M37,Collection,other,102.15,-203.24,63.599,63.68,-0.081,ok
Lib_Tree_18.002,Collection,other,-115.25,-94.47,3.051,3.131,-0.08,ok
Rock_M08,Collection,other,139.48,-193.31,85.247,85.326,-0.08,ok
Rock_Old_007,Collection,other,-165.53,85.57,0.452,0.373,0.079,ok
Lib_Tree_19.038,Collection,other,-121.2,-92.93,2.976,2.9,0.076,ok
Lib_Tree_18.010,Collection,other,-216.33,-81.1,-0.259,-0.184,-0.075,ok
Lib_Tree_20.030,Collection,other,-171.65,59.06,3.014,3.09,-0.075,ok
Bush_Old_174,Collection,other,32.11,62.98,10.613,10.687,-0.074,ok
Lib_Tree_21.024,Collection,other,-109.02,203.22,-0.167,-0.094,-0.073,ok
Rock_M06,Collection,other,102.01,-216.17,56.122,56.196,-0.073,ok
Lib_Tree_21.027,Collection,other,-138.18,214.54,-0.855,-0.782,-0.072,ok
Lib_Tree_22.024,Collection,other,100.99,-11.6,29.424,29.352,0.072,ok
Lib_Tree_18.029,Collection,other,-216.0,89.47,2.832,2.902,-0.07,ok
Lib_Tree_19.026,Collection,other,-178.37,64.11,3.63,3.562,0.068,ok
Lib_Tree_19.029,Collection,other,-192.66,65.22,4.782,4.717,0.065,ok
POI_BrokenFenceA,Collection,C_rural,114.97,117.5,5.707,5.764,-0.057,ok
Lib_Tree_21.013,Collection,other,-53.19,-76.39,6.07,6.126,-0.056,ok
Lib_Tree_19.013,Collection,other,-135.21,-92.06,2.449,2.396,0.054,ok
Lib_Tree_19.037,Collection,other,-38.9,119.15,0.744,0.798,-0.054,ok
Lib_Tree_21.008,Collection,other,-210.05,-88.3,-0.09,-0.144,0.054,ok
Lib_Tree_23.002,Collection,other,30.32,74.49,8.69,8.744,-0.053,ok
Lib_Tree_02.040,Collection,other,33.23,-113.82,34.621,34.672,-0.051,ok
Rock_M11,Collection,other,99.16,-209.13,58.693,58.745,-0.051,ok
Rock_M15,Collection,other,201.96,-216.16,48.678,48.729,-0.05,ok
Rock_M41,Collection,other,73.24,-144.75,60.844,60.895,-0.05,ok
Lib_Tree_21.025,Collection,other,-186.34,207.43,1.862,1.911,-0.048,ok
Lib_Fence_01.003,Collection,C_rural,161.57,109.94,4.887,4.934,-0.047,ok
Lib_Fence_01.001,Collection,C_rural,138.49,115.62,4.513,4.559,-0.046,ok
Lib_Tree_20.021,Collection,other,-91.14,53.32,-0.173,-0.126,-0.046,ok
Lib_Tree_17.024,Collection,other,-2.99,-109.76,18.876,18.831,0.045,ok
Lib_Tree_19.020,Collection,other,-117.01,-12.11,0.099,0.144,-0.045,ok
Lib_Tree_19.031,Collection,other,-97.45,54.57,0.305,0.26,0.045,ok
Lib_Tree_19.032,Collection,other,-92.55,51.83,0.119,0.074,0.045,ok
Lib_Tree_21.011,Collection,other,-39.77,-70.15,7.645,7.689,-0.045,ok
POI_BrokenFenceB,Collection,C_rural,117.98,120.55,5.407,5.453,-0.045,ok
Rock_M03,Collection,other,96.47,-154.17,78.953,78.999,-0.045,ok
Lib_Tree_19.030,Collection,other,-102.96,203.31,0.115,0.073,0.043,ok
Lib_Tree_21.010,Collection,other,-109.67,-29.35,0.178,0.22,-0.043,ok
Lib_Tree_20.016,Collection,other,-143.76,-75.63,0.288,0.329,-0.041,ok
Lib_Tree_22.004,Collection,other,57.17,-97.68,45.017,44.976,0.041,ok
Bridge_Part_01,Collection,B_gorge,48.58,-1.17,-10.939,-10.979,0.04,ok
Bush_A01,Collection,other,60.43,-116.13,49.718,49.678,0.04,ok
Bush_A02,Collection,other,46.75,-126.52,41.999,41.959,0.04,ok
Bush_A03,Collection,other,-181.94,47.38,4.557,4.517,0.04,ok
Bush_A04,Collection,other,-99.88,-111.49,4.211,4.171,0.04,ok
Bush_A05,Collection,other,53.25,-99.9,43.192,43.152,0.04,ok
Bush_A06,Collection,other,-93.65,-126.35,4.972,4.932,0.04,ok
Bush_A08,Collection,other,68.25,-108.92,53.95,53.91,0.04,ok
Bush_A09,Collection,other,-57.12,34.66,1.896,1.856,0.04,ok
Bush_A10,Collection,other,-196.2,-8.83,-1.093,-1.133,0.04,ok
Bush_A11,Collection,other,-130.06,-93.64,2.694,2.654,0.04,ok
Bush_A12,Collection,other,-164.98,-8.42,0.947,0.907,0.04,ok
Bush_A14,Collection,other,65.04,-97.81,49.729,49.689,0.04,ok
Bush_A15,Collection,other,-188.67,-29.09,-1.568,-1.608,0.04,ok
Bush_A16,Collection,other,-14.5,-52.36,10.026,9.986,0.04,ok
Bush_A17,Collection,other,-163.02,-14.43,0.313,0.273,0.04,ok
Bush_A18,Collection,other,-170.68,83.94,1.214,1.174,0.04,ok
Bush_A19,Collection,other,-119.22,32.77,2.482,2.442,0.04,ok
Bush_A20,Collection,other,-126.27,47.15,2.281,2.241,0.04,ok
Bush_A21,Collection,other,-42.14,-51.28,4.648,4.608,0.04,ok
Bush_A22,Collection,other,-162.06,45.19,3.232,3.192,0.04,ok
Bush_A23,Collection,other,-46.94,-43.35,2.949,2.909,0.04,ok
Bush_A24,Collection,other,-136.91,54.33,1.706,1.666,0.04,ok
Bush_A25,Collection,E_bridge,-8.03,15.25,4.781,4.741,0.04,ok
Bush_A27,Collection,other,-195.69,-8.1,-1.043,-1.083,0.04,ok
Bush_A28,Collection,other,-169.29,62.51,2.628,2.588,0.04,ok
Bush_A29,Collection,other,-169.84,0.93,1.665,1.625,0.04,ok
Bush_A30,Collection,other,-166.94,40.77,3.708,3.668,0.04,ok
Bush_A31,Collection,other,51.95,-108.62,43.718,43.678,0.04,ok
Bush_A32,Collection,other,46.95,-50.36,28.152,28.112,0.04,ok
Bush_A34,Collection,other,-199.58,-15.27,-1.383,-1.423,0.04,ok
Bush_A35,Collection,E_bridge,-22.05,23.63,3.127,3.087,0.04,ok
Bush_A37,Collection,other,-195.27,-15.13,-1.404,-1.444,0.04,ok
Bush_A38,Collection,other,-173.04,52.64,3.645,3.605,0.04,ok
Bush_A39,Collection,other,-106.16,-87.58,3.466,3.426,0.04,ok
Bush_A40,Collection,other,-127.56,-109.98,3.089,3.049,0.04,ok
Bush_A41,Collection,other,-152.28,-31.39,-1.195,-1.235,0.04,ok
Bush_A42,Collection,other,55.58,-102.94,44.975,44.935,0.04,ok
Bush_A43,Collection,other,-174.37,-16.27,-0.643,-0.683,0.04,ok
Bush_A44,Collection,other,41.14,-89.55,34.972,34.932,0.04,ok
Bush_A46,Collection,other,-120.81,31.98,2.575,2.535,0.04,ok
Bush_A47,Collection,other,-136.27,67.16,0.26,0.22,0.04,ok
Bush_A51,Collection,other,16.77,-111.91,27.211,27.171,0.04,ok
Bush_A52,Collection,other,17.84,-83.94,23.575,23.535,0.04,ok
Bush_A53,Collection,other,-17.19,-29.27,6.352,6.312,0.04,ok
Bush_F042,Collection,other,-96.06,-46.45,1.294,1.254,0.04,ok
Bush_F066,Collection,other,-189.81,-50.25,-0.729,-0.769,0.04,ok
Bush_F075,Collection,other,-91.62,-53.4,1.658,1.618,0.04,ok
Bush_F078,Collection,other,-172.76,-66.87,-1.019,-1.059,0.04,ok
Bush_F093,Collection,other,-130.22,-21.54,0.12,0.08,0.04,ok
Bush_Old_000,Collection,other,-75.69,56.02,-0.444,-0.484,0.04,ok
Bush_Old_002,Collection,other,-95.23,71.22,-3.244,-3.284,0.04,ok
Bush_Old_005,Collection,other,-82.46,51.68,-0.06,-0.1,0.04,ok
Bush_Old_013,Collection,other,77.93,-91.89,50.329,50.289,0.04,ok
Bush_Old_018,Collection,other,85.36,51.15,16.278,16.238,0.04,ok
Bush_Old_024,Collection,other,-89.82,-49.91,1.368,1.328,0.04,ok
Bush_Old_025,Collection,other,-102.46,-60.71,2.309,2.269,0.04,ok
Bush_Old_026,Collection,other,-81.06,-49.1,1.118,1.078,0.04,ok
Bush_Old_030,Collection,other,-98.44,-54.81,1.903,1.863,0.04,ok
Bush_Old_049,Collection,other,-203.5,82.28,3.626,3.586,0.04,ok
Bush_Old_061,Collection,other,-64.37,157.22,0.45,0.41,0.04,ok
Bush_Old_063,Collection,other,-195.09,43.32,4.828,4.788,0.04,ok
Bush_Old_064,Collection,other,-214.23,54.0,4.049,4.009,0.04,ok
Bush_Old_078,Collection,other,-142.41,49.75,2.226,2.186,0.04,ok
Bush_Old_080,Collection,other,-203.23,63.66,4.926,4.886,0.04,ok
Bush_Old_083,Collection,other,-195.25,203.08,2.721,2.681,0.04,ok
Bush_Old_084,Collection,other,-199.26,73.35,4.338,4.298,0.04,ok
Bush_Old_085,Collection,other,-188.98,77.02,3.63,3.59,0.04,ok
Bush_Old_087,Collection,other,-189.84,61.73,4.819,4.779,0.04,ok
Bush_Old_089,Collection,other,-204.94,98.4,2.394,2.354,0.04,ok
Bush_Old_098,Collection,other,-215.99,198.24,3.934,3.894,0.04,ok
Bush_Old_102,Collection,other,-82.65,186.31,0.663,0.623,0.04,ok
Bush_Old_103,Collection,other,-207.02,70.56,4.358,4.318,0.04,ok
Bush_Old_108,Collection,other,-90.71,203.95,0.581,0.541,0.04,ok
Bush_Old_109,Collection,other,-187.9,45.07,4.785,4.745,0.04,ok
Bush_Old_118,Collection,other,-99.98,56.72,0.328,0.288,0.04,ok
Bush_Old_119,Collection,other,-65.49,194.28,1.726,1.686,0.04,ok
Bush_Old_128,Collection,other,-212.6,197.56,3.948,3.908,0.04,ok
Bush_Old_141,Collection,other,-201.9,64.7,4.891,4.851,0.04,ok
Bush_Old_142,Collection,other,-110.78,57.83,0.916,0.876,0.04,ok
Bush_Old_152,Collection,other,-17.5,-37.65,7.276,7.236,0.04,ok
Bush_Old_154,Collection,other,-17.48,-30.84,6.468,6.428,0.04,ok
Bush_Old_155,Collection,other,-12.24,-28.99,7.423,7.383,0.04,ok
Bush_Old_156,Collection,other,-37.16,-45.31,4.735,4.695,0.04,ok
Bush_Old_157,Collection,other,-33.88,-34.77,3.95,3.91,0.04,ok
Bush_Old_162,Collection,other,57.59,29.85,14.15,14.11,0.04,ok
Bush_Old_164,Collection,other,-78.97,45.73,-0.123,-0.163,0.04,ok
Bush_Old_165,Collection,other,-60.99,43.67,1.518,1.478,0.04,ok
Bush_Old_166,Collection,other,-79.51,34.58,0.603,0.563,0.04,ok
Bush_Old_167,Collection,other,-69.61,43.05,0.471,0.431,0.04,ok
Bush_Old_168,Collection,other,-60.01,39.14,1.575,1.535,0.04,ok
Bush_Old_169,Collection,other,-63.39,35.54,1.144,1.104,0.04,ok
Bush_Old_170,Collection,other,28.92,61.34,9.9,9.86,0.04,ok
Bush_Old_173,Collection,other,32.55,75.37,8.851,8.811,0.04,ok
Bush_Old_183,Collection,other,111.05,104.96,6.903,6.863,0.04,ok
Bush_Old_185,Collection,other,109.77,167.23,2.557,2.517,0.04,ok
Bush_Old_194,Collection,other,86.26,113.02,5.558,5.518,0.04,ok
Bush_Old_197,Collection,other,52.57,183.67,3.44,3.4,0.04,ok
Bush_Old_200,Collection,other,80.71,113.6,5.24,5.2,0.04,ok
Bush_Old_201,Collection,C_rural,117.41,121.87,5.43,5.39,0.04,ok
Bush_Old_202,Collection,other,99.46,86.14,9.097,9.057,0.04,ok
Bush_Old_204,Collection,other,61.58,190.02,2.792,2.752,0.04,ok
Bush_Old_207,Collection,C_rural,176.4,116.17,6.532,6.492,0.04,ok
Bush_Old_215,Collection,other,139.7,205.33,5.576,5.536,0.04,ok
Bush_Old_219,Collection,C_rural,127.19,122.62,4.927,4.887,0.04,ok
Bush_Old_221,Collection,other,50.35,114.89,5.384,5.344,0.04,ok
Bush_Old_222,Collection,other,55.44,140.13,4.816,4.776,0.04,ok
Bush_P01,Collection,other,103.6,45.93,16.541,16.501,0.04,ok
Bush_P16,Collection,other,121.71,33.85,19.184,19.144,0.04,ok
Bush_P22,Collection,other,106.37,105.45,6.912,6.872,0.04,ok
Flor_0,Collection,other,-20.0,-10.0,4.817,4.777,0.04,ok
Flor_1,Collection,other,-22.0,-8.0,4.4,4.36,0.04,ok
Flor_11,Collection,other,-38.0,5.0,2.832,2.792,0.04,ok
Flor_13,Collection,other,-25.0,-22.0,4.198,4.158,0.04,ok
Flor_15,Collection,E_bridge,-30.0,10.0,4.077,4.037,0.04,ok
Flor_16,Collection,other,30.0,-20.0,17.579,17.539,0.04,ok
Flor_2,Collection,other,-18.0,-12.0,5.291,5.251,0.04,ok
Lib_Rock_01.002,Collection,other,86.14,-104.36,59.804,59.764,0.04,ok
Lib_Rock_03.001,Collection,other,3.87,70.38,4.977,4.937,0.04,ok
Lib_Rock_03.002,Collection,B_gorge,-73.65,66.18,-13.632,-13.672,0.04,ok
Lib_Rock_03.004,Collection,B_gorge,-116.51,107.23,-31.557,-31.597,0.04,ok
Lib_Rock_04.002,Collection,A_crater,-119.94,111.92,-31.177,-31.217,0.04,ok
Lib_Rock_04.004,Collection,A_crater,-129.68,156.45,-103.16,-103.2,0.04,ok
Lib_Rock_05.002,Collection,A_crater,-134.72,160.66,-103.16,-103.2,0.04,ok
Lib_Rock_06.002,Collection,B_gorge,-7.97,36.01,-23.605,-23.645,0.04,ok
Lib_Rock_07.003,Collection,A_crater,-140.6,165.96,-103.16,-103.2,0.04,ok
Lib_Rock_07.004,Collection,A_crater,-164.49,111.67,-1.961,-2.001,0.04,ok
Lib_Rock_07.005,Collection,A_crater,-137.18,118.17,-103.16,-103.2,0.04,ok
Lib_Rock_07.006,Collection,A_crater,-163.13,151.18,-103.16,-103.2,0.04,ok
Lib_Rock_08.001,Collection,B_gorge,-4.79,47.69,-24.134,-24.174,0.04,ok
Lib_Rock_08.003,Collection,other,165.77,-96.31,78.993,78.953,0.04,ok
Lib_Rock_08.005,Collection,other,166.42,-154.3,113.567,113.527,0.04,ok
Lib_Rock_08.006,Collection,other,168.77,-107.88,86.323,86.283,0.04,ok
Lib_Rock_09.002,Collection,other,-87.42,52.37,-0.204,-0.244,0.04,ok
Lib_Rock_09.003,Collection,A_crater,-126.62,118.72,-103.16,-103.2,0.04,ok
Lib_Rock_09.004,Collection,C_rural,130.8,112.72,5.241,5.201,0.04,ok
Lib_Rock_09.005,Collection,other,152.05,-174.53,103.624,103.584,0.04,ok
Lib_Shrub_04.005,Collection,B_gorge,153.86,-109.33,88.183,88.143,0.04,ok
Lib_Shrub_07.008,Collection,other,172.86,-157.15,108.242,108.202,0.04,ok
Lib_Tree_01.004,Collection,other,-100.42,67.6,0.338,0.298,0.04,ok
Lib_Tree_02.004,Collection,other,32.48,59.94,10.823,10.783,0.04,ok
Lib_Tree_02.013,Collection,other,-208.81,-49.95,-0.537,-0.577,0.04,ok
Lib_Tree_02.028,Collection,other,92.09,-8.51,26.652,26.612,0.04,ok
Lib_Tree_03.004,Collection,other,159.85,-100.04,81.738,81.698,0.04,ok
Lib_Tree_05.003,Collection,other,-44.12,104.39,0.611,0.571,0.04,ok
Lib_Tree_06.018,Collection,other,32.03,-27.94,22.03,21.99,0.04,ok
Lib_Tree_06.028,Collection,other,89.73,-0.95,25.131,25.091,0.04,ok
Lib_Tree_07.001,Collection,other,-8.7,78.92,3.738,3.698,0.04,ok
Lib_Tree_07.030,Collection,other,97.51,-13.52,28.722,28.682,0.04,ok
Lib_Tree_07.033,Collection,other,83.21,3.67,22.967,22.927,0.04,ok
Lib_Tree_08.030,Collection,other,86.7,-4.31,24.059,24.019,0.04,ok
Lib_Tree_08.032,Collection,other,89.71,-12.01,25.824,25.784,0.04,ok
Lib_Tree_08.036,Collection,other,-19.42,92.36,2.659,2.619,0.04,ok
Lib_Tree_09.013,Collection,other,-95.16,-46.64,1.29,1.25,0.04,ok
Lib_Tree_09.028,Collection,other,-71.16,126.33,0.08,0.04,0.04,ok
Lib_Tree_10.012,Collection,other,-165.51,-149.43,-2.584,-2.624,0.04,ok
Lib_Tree_10.023,Collection,other,-101.54,-77.22,3.3,3.26,0.04,ok
Lib_Tree_12.001,Collection,other,13.47,74.32,7.413,7.373,0.04,ok
Lib_Tree_12.018,Collection,other,81.77,-4.9,19.522,19.482,0.04,ok
Lib_Tree_12.021,Collection,other,-95.38,65.58,0.4,0.36,0.04,ok
Lib_Tree_13.002,Collection,other,-62.21,48.07,-0.871,-0.911,0.04,ok
Lib_Tree_13.023,Collection,other,85.87,6.65,23.864,23.824,0.04,ok
Lib_Tree_13.025,Collection,other,90.8,-15.9,25.895,25.855,0.04,ok
Lib_Tree_14.018,Collection,other,56.26,-67.99,35.739,35.699,0.04,ok
Lib_Tree_16.025,Collection,other,-95.24,66.84,0.176,0.136,0.04,ok
Lib_Tree_18.004,Collection,other,-156.66,47.81,2.793,2.753,0.04,ok
Lib_Tree_18.008,Collection,other,-74.61,-87.89,5.394,5.354,0.04,ok
Lib_Tree_18.011,Collection,other,-78.08,-141.52,6.139,6.099,0.04,ok
Lib_Tree_18.013,Collection,other,-177.07,-161.26,-3.867,-3.907,0.04,ok
Lib_Tree_18.014,Collection,other,-89.36,-60.62,2.143,2.103,0.04,ok
Lib_Tree_18.015,Collection,other,-134.81,-137.71,1.893,1.853,0.04,ok
Lib_Tree_18.022,Collection,other,9.69,-103.18,23.53,23.49,0.04,ok
Lib_Tree_18.023,Collection,other,-126.67,64.27,0.561,0.521,0.04,ok
Lib_Tree_18.030,Collection,other,-166.1,51.16,3.098,3.058,0.04,ok
Lib_Tree_18.031,Collection,other,-178.53,-32.39,-1.661,-1.701,0.04,ok
Lib_Tree_18.032,Collection,other,-166.77,42.16,3.661,3.621,0.04,ok
Lib_Tree_19.001,Collection,other,-48.92,41.45,-1.186,-1.226,0.04,ok
Lib_Tree_19.006,Collection,other,-43.56,104.35,0.638,0.598,0.04,ok
Lib_Tree_19.007,Collection,other,-62.87,-48.16,1.515,1.475,0.04,ok
Lib_Tree_19.018,Collection,E_bridge,-24.89,21.45,5.556,5.516,0.04,ok
Lib_Tree_19.019,Collection,other,-27.37,-119.45,11.597,11.557,0.04,ok
Lib_Tree_19.022,Collection,other,-161.19,-83.97,0.406,0.366,0.04,ok
Lib_Tree_19.023,Collection,other,-178.9,-110.98,-0.261,-0.301,0.04,ok
Lib_Tree_19.024,Collection,other,-72.93,-139.52,6.625,6.585,0.04,ok
Lib_Tree_19.034,Collection,other,-174.6,-4.55,0.584,0.544,0.04,ok
Lib_Tree_19.035,Collection,other,-160.62,-39.65,-2.092,-2.132,0.04,ok
Lib_Tree_19.036,Collection,other,-151.29,-15.93,0.666,0.626,0.04,ok
Lib_Tree_20.001,Collection,other,-1.89,127.78,3.796,3.756,0.04,ok
Lib_Tree_20.002,Collection,other,-112.72,207.3,-0.526,-0.566,0.04,ok
Lib_Tree_20.013,Collection,other,-154.76,-156.12,-2.432,-2.472,0.04,ok
Lib_Tree_20.017,Collection,other,-80.0,3.21,1.304,1.263,0.04,ok
Lib_Tree_20.018,Collection,other,-53.5,-77.97,6.338,6.298,0.04,ok
Lib_Tree_20.023,Collection,other,-64.28,-81.82,5.525,5.485,0.04,ok
Lib_Tree_20.024,Collection,other,96.08,12.85,23.807,23.767,0.04,ok
Lib_Tree_21.001,Collection,E_bridge,-24.86,19.53,5.741,5.701,0.04,ok
Lib_Tree_21.003,Collection,other,-133.04,-6.17,1.407,1.367,0.04,ok
Lib_Tree_21.005,Collection,other,-153.19,-12.21,1.123,1.083,0.04,ok
Lib_Tree_21.026,Collection,other,-74.94,120.7,-2.373,-2.413,0.04,ok
Lib_Tree_21.030,Collection,other,-82.34,-79.44,3.949,3.909,0.04,ok
Lib_Tree_22.001,Collection,other,-42.05,34.48,2.932,2.892,0.04,ok
Lib_Tree_22.006,Collection,other,-77.15,-56.48,1.6,1.56,0.04,ok
Lib_Tree_22.017,Collection,other,-96.3,71.31,-2.421,-2.461,0.04,ok
Lib_Tree_22.023,Collection,other,83.92,2.35,23.11,23.07,0.04,ok
Lib_Tree_22.033,Collection,other,-116.66,59.16,0.917,0.957,-0.04,ok
Lib_Tree_23.003,Collection,other,174.3,-195.59,80.263,80.223,0.04,ok
Lib_Tree_23.029,Collection,other,-74.96,120.99,-2.229,-2.269,0.04,ok
Lib_Tree_23.030,Collection,other,-99.14,64.92,0.242,0.202,0.04,ok
Log_A00,Collection,other,12.33,82.19,6.773,6.733,0.04,ok
Log_A02,Collection,other,35.55,-127.12,35.928,35.888,0.04,ok
Log_A03,Collection,other,-97.62,64.86,0.369,0.329,0.04,ok
Log_A04,Collection,other,-143.22,-13.52,1.028,0.988,0.04,ok
Log_A11,Collection,other,-186.6,-9.79,-0.808,-0.848,0.04,ok
Log_A15,Collection,other,-147.16,-7.25,1.865,1.825,0.04,ok
Log_F03,Collection,other,-165.51,-55.73,-2.05,-2.09,0.04,ok
Log_F06,Collection,other,-97.85,-133.39,4.5,4.46,0.04,ok
Log_F07,Collection,other,-216.0,-104.77,-0.561,-0.601,0.04,ok
Log_F08,Collection,other,-103.45,-138.98,4.05,4.01,0.04,ok
Log_F09,Collection,other,-93.68,-26.71,0.408,0.368,0.04,ok
Log_F11,Collection,other,-85.2,-134.7,5.814,5.774,0.04,ok
Log_F12,Collection,other,-104.76,-86.85,3.517,3.477,0.04,ok
Log_F14,Collection,other,-83.78,-137.43,5.844,5.804,0.04,ok
Log_F17,Collection,other,-63.83,-137.59,7.398,7.358,0.04,ok
Log_Old_003,Collection,B_gorge,127.0,-119.0,86.939,86.899,0.04,ok
Log_Old_004,Collection,B_gorge,128.0,-119.0,99.71,99.67,0.04,ok
Log_Old_005,Collection,B_gorge,129.0,-119.0,99.447,99.407,0.04,ok
Log_Old_010,Collection,B_gorge,128.0,-118.25,86.877,86.837,0.04,ok
Log_Old_011,Collection,B_gorge,129.0,-118.25,99.011,98.971,0.04,ok
Log_Old_017,Collection,B_gorge,129.0,-117.5,98.576,98.536,0.04,ok
Log_Old_019,Collection,other,-76.2,-58.0,1.762,1.722,0.04,ok
Log_Old_022,Collection,other,-77.0,-57.35,1.683,1.643,0.04,ok
Log_Old_027,Collection,other,-76.2,-56.7,1.638,1.598,0.04,ok
Log_Old_028,Collection,other,-75.4,-56.7,1.655,1.615,0.04,ok
Log_Old_029,Collection,other,-74.6,-56.7,1.672,1.632,0.04,ok
Log_Old_031,Collection,other,-76.2,-56.05,1.576,1.536,0.04,ok
Monti_01,Collection,other,-90.62,-27.67,0.461,0.421,0.04,ok
Monti_02,Collection,other,-81.65,-32.46,0.622,0.582,0.04,ok
Monti_06,Collection,other,35.53,-69.01,27.542,27.502,0.04,ok
Monticulo_02,Collection,other,-99.12,206.42,0.07,0.03,0.04,ok
Monticulo_06,Collection,other,186.9,-55.15,38.461,38.421,0.04,ok
Monticulo_10,Collection,other,-74.7,213.83,2.129,2.089,0.04,ok
Monticulo_11,Collection,other,160.04,-46.18,40.655,40.615,0.04,ok
Monticulo_12,Collection,other,184.53,-63.39,44.42,44.38,0.04,ok
Monticulo_Tierra_02,Collection,other,24.58,100.35,6.348,6.308,0.04,ok
Monticulo_Tierra_03,Collection,other,179.66,185.28,7.047,7.007,0.04,ok
Monticulo_Tierra_05,Collection,other,43.21,203.07,1.687,1.647,0.04,ok
Pasto_Alto_Z0_05,Collection,other,-19.91,-24.27,5.341,5.301,0.04,ok
Pasto_Alto_Z1_01,Collection,other,68.32,21.48,18.766,18.726,0.04,ok
Pasto_Alto_Z1_04,Collection,other,70.31,18.61,18.913,18.873,0.04,ok
Pasto_Alto_Z2_00,Collection,other,-64.82,33.97,1.142,1.102,0.04,ok
Pasto_Alto_Z2_02,Collection,other,-70.49,49.34,0.794,0.754,0.04,ok
Pasto_Alto_Z2_03,Collection,other,-71.86,35.75,0.649,0.609,0.04,ok
Pasto_Alto_Z2_05,Collection,other,-65.06,34.38,1.1,1.06,0.04,ok
Pasto_Alto_Z3_00,Collection,other,9.57,69.14,5.797,5.757,0.04,ok
Pasto_Alto_Z3_01,Collection,other,31.32,60.2,10.522,10.482,0.04,ok
Pasto_Alto_Z3_02,Collection,other,6.01,75.7,6.02,5.98,0.04,ok
Pasto_Alto_Z3_03,Collection,other,15.67,61.61,6.412,6.372,0.04,ok
Pasto_Alto_Z3_04,Collection,other,11.32,69.24,6.156,6.116,0.04,ok
Planicie_Pasto_Alto_002,Collection,C_rural,124.56,136.51,4.535,4.495,0.04,ok
Planicie_Pasto_Alto_014,Collection,C_rural,135.69,138.12,4.573,4.533,0.04,ok
Planicie_Pasto_Alto_017,Collection,other,150.48,52.81,15.879,15.839,0.04,ok
Planicie_Pasto_Alto_018,Collection,other,80.65,126.27,4.394,4.354,0.04,ok
Planicie_Pasto_Alto_020,Collection,C_rural,134.96,166.01,5.413,5.373,0.04,ok
Planicie_Pasto_Alto_023,Collection,other,82.02,91.91,8.207,8.167,0.04,ok
Planicie_Pasto_Alto_029,Collection,other,181.66,46.61,14.664,14.624,0.04,ok
POI_ForestEdgeRock,Collection,other,40.01,55.01,12.846,12.806,0.04,ok
R_Bordo,Collection,E_bridge,-22.1,7.8,5.239,5.199,0.04,ok
R_Pil3,Collection,E_bridge,-25.3,10.0,4.841,4.801,0.04,ok
Ribera_0_-1_1,Collection,other,-105.67,-110.37,3.689,3.649,0.04,ok
Ribera_0_1_0,Collection,other,-110.78,-104.11,3.383,3.343,0.04,ok
Ribera_0_1_2,Collection,other,-110.57,-104.73,3.399,3.359,0.04,ok
Ribera_10_-1_0,Collection,other,-41.82,-52.71,4.899,4.859,0.04,ok
Ribera_10_-1_1,Collection,other,-41.34,-52.98,5.024,4.984,0.04,ok
Ribera_10_-1_2,Collection,other,-40.58,-52.53,5.103,5.063,0.04,ok
Ribera_10_-1_3,Collection,other,-42.25,-52.87,4.843,4.803,0.04,ok
Ribera_10_1_0,Collection,other,-51.79,-45.35,2.465,2.425,0.04,ok
Ribera_10_1_2,Collection,other,-49.69,-45.88,2.803,2.763,0.04,ok
Ribera_10_1_3,Collection,other,-49.39,-45.52,2.811,2.771,0.04,ok
Ribera_11_-1_0,Collection,other,-34.79,-45.84,5.242,5.202,0.04,ok
Ribera_11_-1_1,Collection,other,-36.57,-47.19,5.107,5.067,0.04,ok
Ribera_11_-1_2,Collection,other,-36.79,-45.81,4.872,4.832,0.04,ok
Ribera_11_-1_3,Collection,other,-35.34,-44.96,5.018,4.978,0.04,ok
Ribera_11_1_0,Collection,other,-44.77,-36.93,2.648,2.608,0.04,ok
Ribera_11_1_1,Collection,other,-44.93,-38.46,2.753,2.713,0.04,ok
Ribera_11_1_2,Collection,other,-45.33,-37.13,2.599,2.559,0.04,ok
Ribera_12_-1_0,Collection,other,-31.3,-39.6,4.981,4.941,0.04,ok
Ribera_12_-1_1,Collection,other,-29.28,-38.83,5.229,5.189,0.04,ok
Ribera_12_-1_2,Collection,other,-29.57,-41.24,5.512,5.472,0.04,ok
Ribera_12_-1_3,Collection,other,-30.16,-38.9,5.082,5.042,0.04,ok
Ribera_12_1_1,Collection,other,-39.17,-31.42,2.889,2.849,0.04,ok
Ribera_12_1_2,Collection,other,-39.18,-32.27,2.952,2.912,0.04,ok
Ribera_12_1_3,Collection,other,-37.86,-33.24,3.229,3.189,0.04,ok
Ribera_13_-1_0,Collection,other,-24.25,-31.66,5.221,5.181,0.04,ok
Ribera_13_-1_2,Collection,other,-22.34,-31.39,5.537,5.497,0.04,ok
Ribera_13_-1_3,Collection,other,-22.94,-31.92,5.489,5.449,0.04,ok
Ribera_13_1_0,Collection,other,-30.54,-23.67,3.421,3.381,0.04,ok
Ribera_13_1_2,Collection,other,-32.49,-23.01,3.119,3.079,0.04,ok
Ribera_13_1_3,Collection,other,-32.76,-23.79,3.135,3.095,0.04,ok
Ribera_14_-1_0,Collection,other,-14.98,-24.95,6.473,6.433,0.04,ok
Ribera_14_-1_1,Collection,other,-15.92,-25.28,6.294,6.254,0.04,ok
Ribera_14_-1_2,Collection,other,-16.14,-24.2,6.176,6.136,0.04,ok
Ribera_14_1_0,Collection,other,-24.26,-16.43,4.074,4.034,0.04,ok
Ribera_14_1_2,Collection,other,-24.27,-15.9,4.052,4.012,0.04,ok
Ribera_14_1_3,Collection,other,-24.06,-17.63,4.157,4.117,0.04,ok
Ribera_15_-1_0,Collection,other,-9.84,-18.86,7.508,7.468,0.04,ok
Ribera_15_-1_1,Collection,other,-9.57,-19.33,7.585,7.545,0.04,ok
Ribera_15_-1_2,Collection,other,-9.27,-19.89,7.671,7.631,0.04,ok
Ribera_15_-1_3,Collection,other,-9.33,-18.07,7.635,7.595,0.04,ok
Ribera_15_1_0,Collection,other,-19.49,-8.59,4.944,4.904,0.04,ok
Ribera_15_1_1,Collection,other,-17.95,-9.42,5.318,5.278,0.04,ok
Ribera_15_1_3,Collection,other,-17.85,-8.67,5.344,5.304,0.04,ok
Ribera_16_-1_0,Collection,other,-4.37,-14.87,9.062,9.022,0.04,ok
Ribera_16_-1_2,Collection,other,-5.38,-13.75,8.739,8.699,0.04,ok
Ribera_16_1_0,Collection,other,-11.95,-4.03,7.017,6.977,0.04,ok
Ribera_16_1_1,Collection,other,-12.92,-2.36,6.803,6.763,0.04,ok
Ribera_16_1_2,Collection,other,-10.95,-3.19,7.349,7.309,0.04,ok
Ribera_16_1_3,Collection,other,-11.45,-3.18,7.203,7.163,0.04,ok
Ribera_17_-1_2,Collection,other,3.71,-8.54,11.879,11.839,0.04,ok
Ribera_17_1_0,Collection,other,-4.28,0.75,9.755,9.715,0.04,ok
Ribera_17_1_1,Collection,other,-3.43,1.59,10.143,10.103,0.04,ok
Ribera_17_1_2,Collection,other,-4.55,2.11,9.778,9.738,0.04,ok
Ribera_17_1_3,Collection,other,-3.55,1.81,10.119,10.079,0.04,ok
Ribera_18_-1_1,Collection,other,13.13,-2.58,14.433,14.393,0.04,ok
Ribera_18_-1_2,Collection,other,13.06,-1.31,13.827,13.787,0.04,ok
Ribera_18_-1_3,Collection,other,13.55,-2.33,14.507,14.467,0.04,ok
Ribera_18_1_0,Collection,other,2.76,5.37,10.526,10.486,0.04,ok
Ribera_18_1_1,Collection,other,2.72,6.51,9.368,9.328,0.04,ok
Ribera_18_1_2,Collection,other,1.65,6.14,9.991,9.951,0.04,ok
Ribera_18_1_3,Collection,other,2.9,6.18,9.632,9.592,0.04,ok
Ribera_1_-1_0,Collection,other,-96.37,-102.65,4.424,4.384,0.04,ok
Ribera_1_-1_1,Collection,other,-96.11,-103.36,4.465,4.425,0.04,ok
Ribera_1_-1_2,Collection,other,-97.48,-102.38,4.319,4.279,0.04,ok
Ribera_1_-1_3,Collection,other,-98.34,-102.29,4.242,4.202,0.04,ok
Ribera_1_1_1,Collection,other,-102.28,-98.01,3.882,3.842,0.04,ok
Ribera_1_1_2,Collection,other,-103.77,-96.12,3.732,3.692,0.04,ok
Ribera_1_1_3,Collection,other,-102.22,-96.63,3.849,3.809,0.04,ok
Ribera_24_-1_0,Collection,other,54.17,34.39,13.709,13.669,0.04,ok
Ribera_24_-1_1,Collection,other,53.89,34.4,13.375,13.335,0.04,ok
Ribera_24_-1_2,Collection,other,53.52,34.26,12.809,12.769,0.04,ok
Ribera_24_1_0,Collection,other,42.69,44.79,13.757,13.717,0.04,ok
Ribera_24_1_1,Collection,other,41.55,46.16,13.505,13.465,0.04,ok
Ribera_24_1_2,Collection,other,42.79,45.9,14.047,14.007,0.04,ok
Ribera_24_1_3,Collection,other,42.54,48.04,13.895,13.855,0.04,ok
Ribera_25_-1_1,Collection,other,65.68,42.76,17.975,17.935,0.04,ok
Ribera_25_-1_3,Collection,other,65.51,42.96,17.936,17.896,0.04,ok
Ribera_26_-1_0,Collection,other,77.9,53.37,16.174,16.134,0.04,ok
Ribera_26_-1_1,Collection,other,78.33,52.3,16.359,16.319,0.04,ok
Ribera_26_-1_2,Collection,other,78.85,52.16,16.362,16.322,0.04,ok
Ribera_26_-1_3,Collection,other,77.49,53.86,16.098,16.058,0.04,ok
Ribera_28_1_3,Collection,other,90.5,90.2,8.565,8.525,0.04,ok
Ribera_29_-1_0,Collection,other,113.41,82.45,9.362,9.322,0.04,ok
Ribera_29_1_0,Collection,other,102.98,96.65,7.776,7.736,0.04,ok
Ribera_29_1_1,Collection,other,103.15,96.41,7.807,7.767,0.04,ok
Ribera_29_1_2,Collection,other,103.53,98.18,7.599,7.559,0.04,ok
Ribera_29_1_3,Collection,other,103.25,98.43,7.574,7.534,0.04,ok
Ribera_2_-1_1,Collection,other,-89.48,-93.89,4.728,4.688,0.04,ok
Ribera_2_-1_2,Collection,other,-89.74,-94.5,4.739,4.699,0.04,ok
Ribera_2_-1_3,Collection,other,-88.44,-95.04,4.864,4.824,0.04,ok
Ribera_2_1_1,Collection,other,-94.79,-89.95,4.149,4.109,0.04,ok
Ribera_2_1_2,Collection,other,-93.99,-90.83,4.258,4.218,0.04,ok
Ribera_2_1_3,Collection,other,-94.86,-90.39,4.172,4.132,0.04,ok
Ribera_3_-1_0,Collection,other,-82.33,-87.21,4.744,4.704,0.04,ok
Ribera_3_-1_1,Collection,other,-82.21,-86.88,4.72,4.68,0.04,ok
Ribera_3_-1_2,Collection,other,-81.87,-87.37,4.785,4.745,0.04,ok
Ribera_3_1_0,Collection,other,-87.98,-81.83,3.945,3.905,0.04,ok
Ribera_3_1_1,Collection,other,-87.83,-81.14,3.883,3.843,0.04,ok
Ribera_4_1_0,Collection,other,-81.07,-71.93,3.162,3.122,0.04,ok
Ribera_4_1_1,Collection,other,-81.73,-70.47,3.003,2.963,0.04,ok
Ribera_4_1_2,Collection,other,-80.41,-70.41,3.015,2.975,0.04,ok
Ribera_4_1_3,Collection,other,-81.62,-70.83,3.042,3.002,0.04,ok
Ribera_5_-1_0,Collection,other,-70.81,-76.64,4.205,4.165,0.04,ok
Ribera_5_-1_1,Collection,other,-71.53,-75.1,3.947,3.907,0.04,ok
Ribera_5_-1_2,Collection,other,-68.21,-77.12,4.484,4.444,0.04,ok
Ribera_5_-1_3,Collection,other,-71.04,-75.73,4.065,4.025,0.04,ok
Ribera_5_1_0,Collection,other,-76.04,-68.44,2.87,2.83,0.04,ok
Ribera_5_1_1,Collection,other,-76.27,-69.84,3.028,2.988,0.04,ok
Ribera_5_1_2,Collection,other,-76.91,-68.98,2.904,2.864,0.04,ok
Ribera_6_-1_0,Collection,other,-63.95,-71.14,3.995,3.955,0.04,ok
Ribera_6_-1_2,Collection,other,-63.92,-71.35,4.029,3.989,0.04,ok
Ribera_6_-1_3,Collection,other,-63.25,-71.29,4.082,4.042,0.04,ok
Ribera_6_1_0,Collection,other,-72.52,-64.09,2.484,2.444,0.04,ok
Ribera_6_1_1,Collection,other,-71.49,-65.3,2.663,2.623,0.04,ok
Ribera_6_1_3,Collection,other,-70.54,-66.02,2.797,2.757,0.04,ok
Ribera_7_-1_0,Collection,other,-58.08,-67.3,4.157,4.117,0.04,ok
Ribera_7_-1_1,Collection,other,-58.67,-67.07,4.05,4.01,0.04,ok
Ribera_7_-1_2,Collection,other,-59.14,-65.32,3.75,3.71,0.04,ok
Ribera_7_1_1,Collection,other,-66.96,-57.96,2.106,2.066,0.04,ok
Ribera_7_1_2,Collection,other,-64.47,-58.86,2.378,2.338,0.04,ok
Ribera_8_-1_0,Collection,other,-54.34,-60.56,3.77,3.73,0.04,ok
Ribera_8_-1_1,Collection,other,-55.09,-60.21,3.61,3.57,0.04,ok
Ribera_8_-1_2,Collection,other,-54.06,-60.38,3.792,3.752,0.04,ok
Ribera_8_-1_3,Collection,other,-55.07,-61.28,3.746,3.706,0.04,ok
Ribera_8_1_0,Collection,other,-59.7,-51.18,2.065,2.025,0.04,ok
Ribera_8_1_2,Collection,other,-59.47,-54.35,2.39,2.35,0.04,ok
Ribera_8_1_3,Collection,other,-58.5,-53.62,2.425,2.385,0.04,ok
Ribera_9_-1_0,Collection,other,-48.04,-58.34,4.513,4.473,0.04,ok
Ribera_9_-1_1,Collection,other,-48.5,-57.58,4.326,4.286,0.04,ok
Ribera_9_1_1,Collection,other,-56.31,-50.49,2.354,2.314,0.04,ok
Ribera_9_1_2,Collection,other,-55.57,-50.19,2.417,2.377,0.04,ok
Ribera_9_1_3,Collection,other,-54.3,-51.05,2.679,2.639,0.04,ok
River_Bank_Rock_03_L,Collection,B_gorge,31.29,13.8,-14.007,-14.047,0.04,ok
River_Bank_Rock_03_R,Collection,B_gorge,36.71,22.2,-14.303,-14.343,0.04,ok
Rock_F00.001,Collection,other,41.16,-123.31,38.884,38.844,0.04,ok
Rock_F01,Collection,other,-146.51,-142.71,0.359,0.319,0.04,ok
Rock_F01.001,Collection,other,-137.5,48.78,2.272,2.232,0.04,ok
Rock_F02,Collection,other,-97.16,-29.37,0.431,0.391,0.04,ok
Rock_F03,Collection,other,-187.48,55.25,4.881,4.841,0.04,ok
Rock_F05,Collection,other,-136.61,-107.55,3.092,3.052,0.04,ok
Rock_F06,Collection,other,-153.31,-38.23,-1.776,-1.816,0.04,ok
Rock_F08,Collection,other,-102.55,-77.54,3.285,3.245,0.04,ok
Rock_F09,Collection,B_gorge,57.36,-42.28,10.307,10.267,0.04,ok
Rock_F10,Collection,other,-91.95,-99.66,4.779,4.739,0.04,ok
Rock_F11,Collection,other,-82.05,-60.84,2.03,1.99,0.04,ok
Rock_F13,Collection,other,-87.61,-71.96,3.093,3.053,0.04,ok
Rock_F14,Collection,other,-75.16,-64.71,2.473,2.433,0.04,ok
Rock_F15.001,Collection,other,-149.01,0.82,2.768,2.728,0.04,ok
Rock_F16,Collection,other,-48.72,128.19,1.187,1.147,0.04,ok
Rock_F18,Collection,other,-166.89,73.23,1.552,1.512,0.04,ok
Rock_F20,Collection,other,-177.16,-29.92,-1.606,-1.646,0.04,ok
Rock_F21,Collection,other,-136.24,-19.41,0.314,0.274,0.04,ok
Rock_F22,Collection,other,-182.19,81.24,2.614,2.574,0.04,ok
Rock_F23,Collection,other,-143.51,-17.33,0.558,0.518,0.04,ok
Rock_M01,Collection,other,215.9,-199.08,48.105,48.065,0.04,ok
Rock_M02,Collection,other,115.97,-171.67,87.078,87.038,0.04,ok
Rock_M04,Collection,B_gorge,153.94,-127.06,110.035,109.995,0.04,ok
Rock_M05,Collection,other,215.79,-154.19,64.175,64.135,0.04,ok
Rock_M09,Collection,B_gorge,136.42,-113.04,94.136,94.096,0.04,ok
Rock_M10,Collection,other,120.43,-205.22,76.99,76.95,0.04,ok
Rock_M12,Collection,other,144.66,-181.7,96.385,96.345,0.04,ok
Rock_M13,Collection,other,95.16,-173.46,75.099,75.059,0.04,ok
Rock_M17,Collection,other,207.66,-177.52,66.004,65.964,0.04,ok
Rock_M18,Collection,other,211.21,-154.39,68.959,68.919,0.04,ok
Rock_M20,Collection,other,162.14,-75.48,61.928,61.888,0.04,ok
Rock_M21,Collection,B_gorge,100.85,-107.78,71.941,71.901,0.04,ok
Rock_M22,Collection,other,89.15,-154.93,73.081,73.041,0.04,ok
Rock_M23,Collection,other,81.82,-133.97,68.106,68.066,0.04,ok
Rock_M24,Collection,other,198.88,-162.79,77.741,77.701,0.04,ok
Rock_M25,Collection,other,185.0,-191.79,76.769,76.729,0.04,ok
Rock_M26,Collection,other,178.56,-148.36,106.494,106.454,0.04,ok
Rock_M27,Collection,B_gorge,128.85,-142.92,107.229,107.189,0.04,ok
Rock_M28,Collection,other,173.3,-167.4,102.04,102.0,0.04,ok
Rock_M29,Collection,other,92.19,-166.26,73.601,73.561,0.04,ok
Rock_M30,Collection,other,126.03,-180.17,96.459,96.419,0.04,ok
Rock_M31,Collection,B_gorge,153.31,-133.3,113.145,113.105,0.04,ok
Rock_M32,Collection,other,110.8,-137.44,92.821,92.781,0.04,ok
Rock_M33,Collection,other,173.81,-183.03,85.841,85.801,0.04,ok
Rock_M34,Collection,other,68.91,-197.23,45.268,45.228,0.04,ok
Rock_M36,Collection,other,188.41,-177.65,84.086,84.046,0.04,ok
Rock_M38,Collection,other,210.78,-193.42,56.675,56.635,0.04,ok
Rock_M39,Collection,other,189.8,-131.24,87.074,87.034,0.04,ok
Rock_M40,Collection,other,213.38,-164.75,63.399,63.359,0.04,ok
Rock_M42,Collection,other,213.23,-81.71,44.034,43.994,0.04,ok
Rock_M43,Collection,other,164.63,-155.95,113.587,113.547,0.04,ok
Rock_Old_000,Collection,other,-208.25,112.6,1.392,1.352,0.04,ok
Rock_Old_001,Collection,other,-169.7,70.45,2.08,2.04,0.04,ok
Rock_Old_002,Collection,other,-69.99,51.71,0.295,0.255,0.04,ok
Rock_Old_005,Collection,other,-74.77,177.73,0.504,0.464,0.04,ok
Rock_Old_006,Collection,other,-64.54,149.12,0.557,0.517,0.04,ok
Rock_Old_009,Collection,other,-113.79,185.12,-0.904,-0.944,0.04,ok
Rock_Old_010,Collection,other,-215.99,146.83,3.133,3.093,0.04,ok
Rock_Old_012,Collection,other,-200.59,108.52,0.159,0.119,0.04,ok
Rock_Old_022,Collection,other,-107.36,179.74,-1.742,-1.782,0.04,ok
Rock_Old_023,Collection,other,-216.01,212.57,2.809,2.769,0.04,ok
Rock_Old_025,Collection,B_gorge,-94.9,103.52,-30.302,-30.342,0.04,ok
Rock_Old_026,Collection,B_gorge,-95.49,117.1,-32.999,-33.039,0.04,ok
Rock_Old_030,Collection,other,-192.91,195.04,2.436,2.396,0.04,ok
Rock_Old_035,Collection,other,-88.82,205.73,0.713,0.673,0.04,ok
Rock_Old_039,Collection,other,-190.64,70.83,4.278,4.238,0.04,ok
Rock_Old_040,Collection,other,-172.33,201.19,1.393,1.353,0.04,ok
Rock_Old_042,Collection,other,-107.32,185.4,-0.544,-0.584,0.04,ok
Rock_Old_044,Collection,other,-122.53,200.43,-0.096,-0.136,0.04,ok
Rock_Old_046,Collection,other,56.85,63.71,13.541,13.501,0.04,ok
Rock_Old_051,Collection,other,55.45,62.06,13.77,13.73,0.04,ok
Rock_Old_053,Collection,other,56.84,62.3,13.84,13.8,0.04,ok
Rock_Old_055,Collection,other,-20.06,-39.0,6.948,6.908,0.04,ok
Rock_Old_057,Collection,B_gorge,51.6,27.39,3.35,3.31,0.04,ok
Rock_Old_058,Collection,other,67.16,16.15,17.317,17.277,0.04,ok
Rock_Old_059,Collection,other,59.13,27.7,14.141,14.101,0.04,ok
Rock_Old_060,Collection,other,-69.39,50.41,0.641,0.601,0.04,ok
Rock_Old_061,Collection,other,-78.71,40.31,0.22,0.18,0.04,ok
Rock_Old_062,Collection,other,-61.81,36.65,1.294,1.254,0.04,ok
Rock_Old_063,Collection,other,11.52,62.43,4.209,4.169,0.04,ok
Rock_Old_066,Collection,B_gorge,58.47,-14.55,-7.179,-7.219,0.04,ok
Rock_Old_067,Collection,B_gorge,68.24,-11.1,-4.295,-4.335,0.04,ok
Rock_Old_068,Collection,B_gorge,79.83,-10.65,14.884,14.844,0.04,ok
Rock_Old_069,Collection,C_rural,146.74,152.51,6.058,6.018,0.04,ok
Rock_Old_070,Collection,other,211.16,127.71,9.063,9.023,0.04,ok
Rock_Old_073,Collection,other,97.88,146.66,3.665,3.625,0.04,ok
Rock_Old_079,Collection,other,90.1,136.24,4.213,4.173,0.04,ok
Rock_Old_081,Collection,B_gorge,6.0,34.0,-21.623,-21.663,0.04,ok
Rock_Old_082,Collection,other,160.05,-158.01,112.637,112.597,0.04,ok
Rock_Old_083,Collection,other,160.05,-158.01,112.637,112.597,0.04,ok
Rock_Old_084,Collection,other,184.0,-177.94,84.822,84.782,0.04,ok
Rock_Old_085,Collection,other,184.0,-177.94,84.822,84.782,0.04,ok
Rock_Old_086,Collection,other,206.03,-141.97,78.437,78.397,0.04,ok
Rock_Old_087,Collection,other,206.03,-141.97,78.437,78.397,0.04,ok
Rock_Old_088,Collection,other,-205.04,196.04,3.874,3.834,0.04,ok
Rock_Old_089,Collection,other,-205.04,196.04,3.874,3.834,0.04,ok
Rock_Old_090,Collection,other,-181.96,214.01,1.252,1.212,0.04,ok
Rock_Old_091,Collection,other,-181.96,214.01,1.252,1.212,0.04,ok
Rock_Old_092,Collection,other,-215.92,157.96,-2.007,-2.047,0.04,ok
Rock_Old_093,Collection,other,-215.92,157.96,-2.007,-2.047,0.04,ok
Rock_Old_099,Collection,other,12.0,-18.0,14.316,14.276,0.04,ok
Rock_Old_100,Collection,other,-40.0,8.0,2.852,2.812,0.04,ok
Rock_Old_101,Collection,B_gorge,35.0,-8.0,-4.084,-4.124,0.04,ok
Rock_Old_102,Collection,B_gorge,8.0,35.0,-21.403,-21.443,0.04,ok
Rock_Old_103,Collection,B_gorge,50.0,-30.0,4.872,4.832,0.04,ok
Rock_Old_105,Collection,B_gorge,28.0,40.0,-8.293,-8.333,0.04,ok
Rock_Old_106,Collection,other,-55.0,20.0,2.306,2.266,0.04,ok
Rock_Old_107,Collection,other,40.0,55.0,12.844,12.804,0.04,ok
Rock_Old_108,Collection,B_gorge,-80.81,77.15,-25.959,-25.999,0.04,ok
Rock_Old_109,Collection,other,-95.89,58.67,0.003,-0.037,0.04,ok
Rock_Old_110,Collection,other,-97.91,64.13,0.278,0.238,0.04,ok
Rock_Old_111,Collection,B_gorge,-89.28,69.92,-5.62,-5.66,0.04,ok
Rock_Old_112,Collection,other,-83.37,60.25,-0.371,-0.411,0.04,ok
Rock_Old_113,Collection,D_forest,83.5,-88.32,46.54,46.5,0.04,ok
Rock_Old_114,Collection,D_forest,83.61,-87.74,45.796,45.756,0.04,ok
Rock_Old_115,Collection,D_forest,80.9,-62.6,13.445,13.405,0.04,ok
Rock_Old_116,Collection,D_forest,92.12,-80.21,30.458,30.418,0.04,ok
Rock_Old_117,Collection,other,79.74,-91.93,50.559,50.519,0.04,ok
Rock_Old_118,Collection,other,86.77,42.28,17.953,17.913,0.04,ok
Rock_Old_122,Collection,other,91.74,47.62,16.667,16.627,0.04,ok
Rock_Old_124,Collection,other,-87.62,-59.09,1.976,1.936,0.04,ok
Rock_Old_125,Collection,other,-91.86,-55.73,1.827,1.787,0.04,ok
Rock_Old_127,Collection,other,-89.92,-57.09,1.882,1.842,0.04,ok
Rock_P03,Collection,other,113.51,49.62,15.586,15.546,0.04,ok
Rock_P09,Collection,B_gorge,-20.41,80.12,-4.205,-4.245,0.04,ok
Rock_P12,Collection,B_gorge,57.61,27.65,12.601,12.561,0.04,ok
Rock_P18,Collection,other,158.18,45.81,16.711,16.671,0.04,ok
Rock_P21,Collection,other,-9.26,0.4,8.023,7.983,0.04,ok
Tallo_0,Collection,other,-20.0,-10.0,4.817,4.777,0.04,ok
Tallo_1,Collection,other,-22.0,-8.0,4.4,4.36,0.04,ok
Tallo_11,Collection,other,-38.0,5.0,2.832,2.792,0.04,ok
Tallo_15,Collection,E_bridge,-30.0,10.0,4.077,4.037,0.04,ok
Tallo_16,Collection,other,30.0,-20.0,17.579,17.539,0.04,ok
Tallo_2,Collection,other,-18.0,-12.0,5.291,5.251,0.04,ok
Tocon,Collection,C_rural,108.76,112.09,6.336,6.296,0.04,ok
Tocon_Anillos,Collection,C_rural,108.76,112.09,6.336,6.296,0.04,ok
Tocon_Z0_00,Collection,other,37.62,175.64,3.897,3.857,0.04,ok
Tocon_Z0_01,Collection,other,25.52,184.86,3.534,3.494,0.04,ok
Tocon_Z0_02,Collection,other,39.68,177.48,3.788,3.748,0.04,ok
Tocon_Z1_00,Collection,other,195.47,26.69,17.531,17.491,0.04,ok
Tocon_Z2_00,Collection,other,208.46,165.44,7.589,7.549,0.04,ok
Tocon_Z2_01,Collection,other,193.43,168.99,7.495,7.455,0.04,ok
Tocon_Z2_02,Collection,other,197.63,170.89,7.24,7.2,0.04,ok
Tocon_Z3_00,Collection,other,24.48,61.05,8.625,8.585,0.04,ok
Lib_Tree_18.012,Collection,other,-129.22,-41.54,-0.355,-0.316,-0.039,ok
Lib_Tree_19.033,Collection,other,-86.89,-42.21,0.868,0.829,0.039,ok
Lib_Tree_20.031,Collection,other,-151.54,80.82,-0.356,-0.319,-0.038,ok
Lib_Tree_22.018,Collection,other,-149.8,-139.15,0.496,0.462,0.034,ok
Lib_Tree_21.016,Collection,other,-120.39,-141.27,2.708,2.675,0.033,ok
Lib_Tree_23.008,Collection,other,-181.77,-119.16,-1.159,-1.192,0.033,ok
Lib_Tree_17.034,Collection,other,-20.33,-50.73,8.686,8.654,0.032,ok
Lib_Tree_17.033,Collection,other,-51.82,-59.15,3.976,3.945,0.031,ok
Rock_P06,Collection,other,16.6,72.63,7.825,7.794,0.031,ok
Lib_Rock_09.001,Collection,other,-73.14,39.94,0.314,0.284,0.03,ok
Lib_Tree_01.002,Collection,other,187.42,-119.16,81.502,81.473,0.03,ok
Lib_Tree_23.004,Collection,other,-153.14,-36.33,-1.662,-1.692,0.03,ok
Lib_Tree_23.021,Collection,other,-104.53,-57.59,2.032,2.062,-0.03,ok
Lib_Tree_22.022,Collection,other,101.94,-4.21,27.693,27.722,-0.029,ok
Lib_Tree_20.008,Collection,other,-213.81,-66.18,-0.309,-0.282,-0.028,ok
Lib_Tree_09.001,Collection,other,194.37,-90.07,59.073,59.099,-0.026,ok
Lib_Tree_22.032,Collection,other,-73.78,-67.97,2.836,2.862,-0.025,ok
Lib_Tree_23.007,Collection,other,-197.03,-111.24,-1.576,-1.602,0.025,ok
Lib_Tree_21.021,Collection,other,-110.44,-89.99,3.245,3.269,-0.024,ok
Lib_Tree_23.005,Collection,other,-18.26,-36.24,6.859,6.882,-0.023,ok
Lib_Shrub_07.002,Collection,A_crater,-108.7,165.63,-1.224,-1.202,-0.022,ok
Lib_Tree_22.005,Collection,other,-168.76,-111.06,0.935,0.913,0.022,ok
Rock_M19,Collection,other,101.41,-168.72,78.586,78.564,0.022,ok
Lib_Tree_17.013,Collection,other,24.8,-44.95,18.965,18.944,0.021,ok
Lib_Tree_17.032,Collection,other,-12.76,107.47,2.406,2.385,0.021,ok
Lib_Shrub_05.004,Collection,other,176.07,-154.3,107.889,107.908,-0.02,ok
Lib_Tree_19.003,Collection,A_crater,-99.83,152.18,-1.162,-1.142,-0.02,ok
Lib_Tree_23.020,Collection,other,-193.09,-55.03,-0.378,-0.358,-0.02,ok
Lib_Tree_02.023,Collection,other,-137.67,-157.48,-0.268,-0.249,-0.019,ok
Lib_Tree_02.039,Collection,other,-181.69,60.59,4.169,4.15,0.019,ok
Lib_Tree_18.003,Collection,other,-119.34,-28.94,0.002,0.021,-0.019,ok
Lib_Tree_23.017,Collection,other,-105.45,-46.2,1.237,1.256,-0.019,ok
Lib_Tree_23.028,Collection,other,-153.11,66.96,0.776,0.795,-0.019,ok
Lib_Tree_23.006,Collection,other,-135.76,-37.65,-0.784,-0.802,0.018,ok
Lib_Tree_23.031,Collection,other,-83.79,-102.8,5.757,5.775,-0.018,ok
Lib_Tree_12.002,Collection,other,-37.09,26.59,4.369,4.386,-0.017,ok
Lib_Tree_22.019,Collection,other,-80.49,-65.27,2.395,2.412,-0.017,ok
Lib_Tree_20.019,Collection,other,-176.8,-34.94,-1.829,-1.845,0.016,ok
Lib_Tree_23.026,Collection,other,-108.62,203.84,-0.149,-0.133,-0.016,ok
Lib_Tree_17.001,Collection,other,39.28,65.5,11.173,11.16,0.014,ok
Lib_Tree_19.005,Collection,other,-116.79,-112.01,3.113,3.127,-0.014,ok
Lib_Tree_22.003,Collection,other,-130.67,45.58,2.414,2.428,-0.014,ok
Lib_Tree_22.014,Collection,other,-196.8,-98.49,-0.621,-0.634,0.013,ok
Lib_Tree_02.009,Collection,other,47.97,-103.54,40.847,40.859,-0.012,ok
Lib_Tree_17.035,Collection,other,14.29,100.42,5.705,5.693,0.012,ok
Lib_Tree_21.004,Collection,other,-193.03,-23.93,-1.574,-1.562,-0.012,ok
Lib_Tree_22.026,Collection,other,-101.12,-109.05,4.04,4.028,0.012,ok
Lib_Tree_22.016,Collection,other,-156.75,-38.83,-1.95,-1.961,0.011,ok
Lib_Tree_22.028,Collection,other,-106.11,56.1,0.765,0.776,-0.011,ok
Lib_Tree_23.027,Collection,other,-186.35,207.65,1.882,1.893,-0.011,ok
Lib_Tree_17.023,Collection,other,-76.27,-122.7,7.101,7.092,0.01,ok
Lib_Tree_18.016,Collection,other,-176.08,-36.91,-1.867,-1.857,-0.01,ok
Lib_Tree_19.021,Collection,other,-124.15,-108.79,3.038,3.047,-0.01,ok
Lib_Tree_21.020,Collection,other,-73.51,-36.12,0.648,0.659,-0.01,ok
Lib_Tree_22.008,Collection,other,-129.76,-36.06,-0.366,-0.377,0.01,ok
Lib_Tree_22.009,Collection,other,-145.8,-4.57,2.101,2.092,0.01,ok
Lib_Tree_23.019,Collection,other,-190.74,-86.77,0.063,0.053,0.01,ok
Lib_Tree_23.024,Collection,other,-91.99,-116.73,5.121,5.111,0.01,ok
Lib_Rock_05.004,Collection,other,172.64,-177.63,87.819,87.81,0.009,ok
Lib_Tree_02.025,Collection,other,-121.38,-152.41,2.391,2.4,-0.009,ok
Lib_Tree_06.045,Collection,other,-177.42,-0.98,0.698,0.706,-0.009,ok
Lib_Tree_17.025,Collection,other,-145.29,-62.81,-1.054,-1.063,0.009,ok
Lib_Tree_22.002,Collection,other,-79.75,32.83,0.632,0.641,-0.009,ok
Lib_Tree_22.027,Collection,other,-116.57,67.37,-0.022,-0.013,-0.009,ok
Lib_Tree_23.013,Collection,other,-95.96,-90.77,4.074,4.083,-0.009,ok
Lib_Tree_23.022,Collection,other,-15.29,-101.84,14.801,14.792,0.009,ok
Lib_Tree_02.024,Collection,other,-136.93,-131.73,2.208,2.216,-0.008,ok
Lib_Tree_07.003,Collection,other,175.82,-131.24,102.581,102.573,0.008,ok
Lib_Tree_22.012,Collection,other,-163.96,-36.99,-1.99,-1.998,0.008,ok
Lib_Tree_23.010,Collection,other,-184.21,-153.17,-3.467,-3.474,0.008,ok
Lib_Tree_23.023,Collection,other,-16.39,105.45,2.11,2.118,-0.008,ok
Lib_Tree_02.006,Collection,other,-127.33,43.52,2.508,2.501,0.007,ok
Lib_Tree_02.029,Collection,other,6.76,-101.51,22.175,22.182,-0.007,ok
Lib_Tree_02.030,Collection,other,-18.2,-94.07,13.909,13.917,-0.007,ok
Lib_Tree_06.020,Collection,other,-135.91,-141.44,1.438,1.446,-0.007,ok
Lib_Tree_17.010,Collection,other,-61.05,-105.65,8.374,8.367,0.007,ok
Lib_Tree_21.014,Collection,other,-131.26,-114.53,3.054,3.047,0.007,ok
Lib_Tree_21.015,Collection,other,-176.53,-35.44,-1.854,-1.847,-0.007,ok
Lib_Fence_01.002,Collection,C_rural,141.44,137.14,4.593,4.587,0.006,ok
Lib_Fence_04.001,Collection,C_rural,142.06,100.71,5.861,5.855,0.006,ok
Lib_Tree_02.016,Collection,other,-120.0,-140.23,2.738,2.744,-0.006,ok
Lib_Tree_03.027,Collection,other,-155.72,-15.31,0.564,0.57,-0.006,ok
Lib_Tree_06.030,Collection,other,5.54,-99.34,21.5,21.506,-0.006,ok
Lib_Tree_17.019,Collection,other,-131.0,-139.14,2.016,2.01,0.006,ok
Lib_Tree_20.020,Collection,other,-203.44,-22.97,-1.483,-1.477,-0.006,ok
Lib_Tree_23.018,Collection,other,-122.95,-88.54,2.695,2.701,-0.006,ok
Lib_Fence_02.001,Collection,C_rural,143.99,147.97,5.429,5.434,-0.005,ok
Lib_Fence_03.002,Collection,C_rural,137.48,134.38,4.421,4.427,-0.005,ok
Lib_Rock_07.008,Collection,other,137.87,-165.4,111.069,111.074,-0.005,ok
Lib_Shrub_05.003,Collection,other,104.89,100.19,7.382,7.376,0.005,ok
Lib_Tree_01.016,Collection,other,-142.58,-158.52,-1.114,-1.109,-0.005,ok
Lib_Tree_02.033,Collection,other,-175.03,82.0,1.775,1.771,0.005,ok
Lib_Tree_04.016,Collection,other,-178.6,-7.86,-0.156,-0.152,-0.005,ok
Lib_Tree_04.031,Collection,other,-184.14,-112.77,-0.952,-0.947,-0.005,ok
Lib_Tree_04.042,Collection,other,-145.78,-14.96,0.836,0.84,-0.005,ok
Lib_Tree_05.021,Collection,other,-81.92,-76.83,3.66,3.656,0.005,ok
Lib_Tree_06.003,Collection,other,50.46,-105.8,42.508,42.513,-0.005,ok
Lib_Tree_17.002,Collection,other,-178.16,2.64,1.054,1.049,0.005,ok
Lib_Tree_17.008,Collection,other,-179.45,-100.55,0.078,0.072,0.005,ok
Lib_Tree_17.015,Collection,other,-32.79,-59.9,7.675,7.67,0.005,ok
Lib_Tree_17.018,Collection,other,-74.15,-76.5,3.952,3.947,0.005,ok
Lib_Tree_17.026,Collection,other,-7.68,96.05,3.854,3.849,0.005,ok
Lib_Tree_22.020,Collection,other,-78.98,4.91,1.34,1.335,0.005,ok
Lib_Tree_22.021,Collection,other,-84.86,-4.08,0.889,0.884,0.005,ok
Rock_Old_098,Collection,E_bridge,-20.0,15.0,6.386,6.381,0.005,ok
Lib_Fence_03.001,Collection,C_rural,163.71,141.69,6.213,6.217,-0.004,ok
Lib_Fence_04.002,Collection,C_rural,149.51,109.32,4.676,4.673,0.004,ok
Lib_Tree_02.008,Collection,other,-200.54,-1.39,-0.534,-0.53,-0.004,ok
Lib_Tree_03.005,Collection,other,-146.92,50.92,2.135,2.132,0.004,ok
Lib_Tree_03.006,Collection,other,-190.04,84.59,2.883,2.879,0.004,ok
Lib_Tree_03.007,Collection,other,-139.22,61.18,0.926,0.921,0.004,ok
Lib_Tree_04.008,Collection,other,-166.13,-20.57,-0.672,-0.668,-0.004,ok
Lib_Tree_04.030,Collection,other,-188.33,-12.86,-1.176,-1.172,-0.004,ok
Lib_Tree_07.011,Collection,other,28.95,-130.26,32.321,32.325,-0.004,ok
Lib_Tree_09.020,Collection,other,-165.49,-122.25,0.64,0.636,0.004,ok
Lib_Tree_17.003,Collection,other,-70.16,-65.31,2.686,2.683,0.004,ok
Lib_Rock_08.004,Collection,other,97.93,-182.31,71.022,71.025,-0.003,ok
Lib_Tree_01.025,Collection,other,-172.06,45.93,3.767,3.764,0.003,ok
Lib_Tree_02.005,Collection,A_crater,-206.75,132.06,-0.901,-0.904,0.003,ok
Lib_Tree_02.010,Collection,other,-100.15,-121.09,4.189,4.192,-0.003,ok
Lib_Tree_02.026,Collection,other,-82.75,-9.42,0.862,0.865,-0.003,ok
Lib_Tree_02.027,Collection,other,-88.85,13.97,1.013,1.016,-0.003,ok
Lib_Tree_03.008,Collection,other,-145.64,47.99,2.41,2.407,0.003,ok
Lib_Tree_03.009,Collection,other,-153.01,-31.67,-1.292,-1.289,-0.003,ok
Lib_Tree_04.006,Collection,other,-148.1,64.92,0.74,0.736,0.003,ok
Lib_Tree_04.043,Collection,other,-125.5,-43.49,0.046,0.049,-0.003,ok
Lib_Tree_05.004,Collection,other,-152.11,-21.3,-0.1,-0.098,-0.003,ok
Lib_Tree_05.006,Collection,other,-173.19,1.29,1.345,1.348,-0.003,ok
Lib_Tree_06.002,Collection,other,-133.49,44.05,2.582,2.579,0.003,ok
Lib_Tree_07.009,Collection,other,51.83,-102.46,42.767,42.77,-0.003,ok
Lib_Tree_07.010,Collection,other,30.26,-128.5,33.12,33.124,-0.003,ok
Lib_Tree_09.003,Collection,other,-182.42,75.79,3.095,3.098,-0.003,ok
Lib_Tree_09.004,Collection,other,-184.21,72.34,3.567,3.57,-0.003,ok
Lib_Tree_17.030,Collection,other,-169.92,80.37,1.35,1.354,-0.003,ok
Bush_Old_171,Collection,other,28.08,65.14,9.804,9.806,-0.002,ok
Lib_Rock_06.003,Collection,C_rural,111.81,110.59,6.395,6.396,-0.002,ok
Lib_Rock_06.004,Collection,B_gorge,158.36,-145.93,114.633,114.635,-0.002,ok
Lib_Shrub_04.003,Collection,C_rural,141.34,141.43,4.836,4.838,-0.002,ok
Lib_Tree_01.003,Collection,other,-189.75,63.33,4.717,4.715,0.002,ok
Lib_Tree_01.008,Collection,other,-116.65,-158.2,2.92,2.922,-0.002,ok
Lib_Tree_01.012,Collection,other,-84.62,-13.73,0.671,0.673,-0.002,ok
Lib_Tree_01.017,Collection,other,-141.21,-125.39,2.554,2.556,-0.002,ok
Lib_Tree_01.018,Collection,other,-159.47,-96.42,1.556,1.554,0.002,ok
Lib_Tree_01.020,Collection,other,-143.74,74.3,-0.309,-0.31,0.002,ok
Lib_Tree_01.021,Collection,other,-120.92,215.9,-1.44,-1.442,0.002,ok
Lib_Tree_01.023,Collection,other,-153.12,67.34,0.765,0.762,0.002,ok
Lib_Tree_02.035,Collection,other,-202.46,70.86,4.516,4.514,0.002,ok
Lib_Tree_02.036,Collection,other,-202.07,70.53,4.54,4.539,0.002,ok
Lib_Tree_03.002,Collection,other,-71.76,32.88,0.791,0.789,0.002,ok
Lib_Tree_03.018,Collection,other,-150.2,-35.26,-1.493,-1.491,-0.002,ok
Lib_Tree_03.021,Collection,other,-5.49,-124.57,17.454,17.456,-0.002,ok
Lib_Tree_03.031,Collection,other,-8.68,-104.08,16.796,16.797,-0.002,ok
Lib_Tree_03.032,Collection,other,-185.78,-102.09,-0.452,-0.449,-0.002,ok
Lib_Tree_03.036,Collection,other,-46.66,-42.44,2.861,2.86,0.002,ok
Lib_Tree_04.025,Collection,other,-117.49,-71.52,2.274,2.275,-0.002,ok
Lib_Tree_04.026,Collection,other,-89.66,-6.62,0.578,0.58,-0.002,ok
Lib_Tree_04.029,Collection,other,97.43,13.23,23.766,23.765,0.002,ok
Lib_Tree_04.032,Collection,other,-119.81,-35.9,0.152,0.153,-0.002,ok
Lib_Tree_04.033,Collection,other,2.37,-85.03,18.636,18.638,-0.002,ok
Lib_Tree_04.034,Collection,other,-89.13,-43.46,0.943,0.941,0.002,ok
Lib_Tree_04.035,Collection,other,-174.9,81.73,1.78,1.779,0.002,ok
Lib_Tree_04.038,Collection,other,-197.52,80.26,3.677,3.676,0.002,ok
Lib_Tree_04.040,Collection,other,-106.35,55.81,0.816,0.814,0.002,ok
Lib_Tree_05.001,Collection,other,-70.5,-53.65,1.474,1.472,0.002,ok
Lib_Tree_05.005,Collection,other,-134.87,-156.82,0.251,0.253,-0.002,ok
Lib_Tree_05.013,Collection,other,-138.03,-19.34,0.282,0.285,-0.002,ok
Lib_Tree_05.023,Collection,other,-209.07,-117.73,-1.736,-1.734,-0.002,ok
Lib_Tree_06.001,Collection,A_crater,-170.62,109.59,-1.19,-1.191,0.002,ok
Lib_Tree_06.004,Collection,other,-108.34,49.98,1.361,1.359,0.002,ok
Lib_Tree_06.010,Collection,other,-105.97,-44.9,1.153,1.151,0.002,ok
Lib_Tree_06.022,Collection,other,-63.25,-14.47,1.341,1.342,-0.002,ok
Lib_Tree_06.032,Collection,other,-116.15,67.1,0.012,0.011,0.002,ok
Lib_Tree_07.028,Collection,other,-22.35,-109.89,12.93,12.932,-0.002,ok
Lib_Tree_09.008,Collection,other,-79.56,-136.17,6.269,6.267,0.002,ok
Lib_Tree_09.009,Collection,other,-172.92,-63.29,-1.285,-1.283,-0.002,ok
Lib_Tree_09.017,Collection,other,-141.83,-22.99,-0.077,-0.079,0.002,ok
Lib_Tree_09.018,Collection,other,-88.12,-132.47,5.507,5.504,0.002,ok
Lib_Tree_12.033,Collection,other,-164.05,68.18,1.583,1.585,-0.002,ok
Lib_Tree_16.004,Collection,other,40.85,-104.8,37.455,37.454,0.002,ok
Lib_Tree_16.007,Collection,other,28.19,-121.46,32.459,32.457,0.002,ok
Lib_Tree_17.011,Collection,other,-184.29,-72.89,-0.114,-0.112,-0.002,ok
Lib_Tree_17.021,Collection,other,-163.51,-75.47,-0.565,-0.567,0.002,ok
Lib_Tree_21.022,Collection,other,-214.76,68.94,3.724,3.722,0.002,ok
Lib_Fence_02.002,Collection,C_rural,122.84,122.74,5.116,5.117,-0.001,ok
Lib_Rock_05.003,Collection,other,105.98,-142.93,87.761,87.762,-0.001,ok
Lib_Rock_07.007,Collection,C_rural,129.3,122.14,4.808,4.807,0.001,ok
Lib_Shrub_04.004,Collection,C_rural,144.99,115.31,4.336,4.335,0.001,ok
Lib_Tree_01.006,Collection,other,-56.42,-52.48,2.504,2.503,0.001,ok
Lib_Tree_01.010,Collection,other,-137.3,-8.76,1.331,1.332,-0.001,ok
Lib_Tree_01.019,Collection,other,-97.75,-151.11,4.567,4.568,-0.001,ok
Lib_Tree_02.014,Collection,other,-55.29,-79.06,6.171,6.173,-0.001,ok
Lib_Tree_02.019,Collection,other,-200.93,-67.96,0.256,0.255,0.001,ok
Lib_Tree_02.037,Collection,other,-81.12,195.71,0.861,0.861,-0.001,ok
Lib_Tree_03.013,Collection,other,-118.98,-107.86,3.07,3.071,-0.001,ok
Lib_Tree_03.016,Collection,other,-138.09,-66.58,-0.047,-0.047,0.001,ok
Lib_Tree_03.019,Collection,other,-171.69,-88.15,0.321,0.32,0.001,ok
Lib_Tree_03.022,Collection,other,-53.19,-74.88,5.918,5.918,0.001,ok
Lib_Tree_03.026,Collection,other,-93.89,-43.38,1.023,1.022,0.001,ok
Lib_Tree_03.028,Collection,other,-155.47,-44.33,-2.161,-2.16,-0.001,ok
Lib_Tree_03.029,Collection,other,-100.72,-4.2,0.236,0.237,-0.001,ok
Lib_Tree_03.030,Collection,other,-114.01,-115.54,3.189,3.189,-0.001,ok
Lib_Tree_03.033,Collection,other,-151.84,81.26,-0.32,-0.321,0.001,ok
Lib_Tree_03.034,Collection,other,-158.59,64.95,1.349,1.348,0.001,ok
Lib_Tree_03.035,Collection,other,-88.05,-54.3,1.589,1.588,0.001,ok
Lib_Tree_04.002,Collection,other,36.28,80.28,8.462,8.461,0.001,ok
Lib_Tree_04.003,Collection,A_crater,-202.97,141.02,-1.093,-1.095,0.001,ok
Lib_Tree_04.004,Collection,other,-90.3,148.5,-0.858,-0.857,-0.001,ok
Lib_Tree_04.007,Collection,other,-36.16,131.16,1.36,1.362,-0.001,ok
Lib_Tree_04.010,Collection,other,-61.79,-52.24,1.911,1.911,-0.001,ok
Lib_Tree_04.014,Collection,other,-60.53,-76.08,5.076,5.076,-0.001,ok
Lib_Tree_04.018,Collection,other,-39.79,-69.56,7.606,7.607,-0.001,ok
Lib_Tree_04.024,Collection,other,-80.77,-60.06,1.911,1.91,0.001,ok
Lib_Tree_04.027,Collection,other,-91.79,-19.81,0.335,0.335,-0.001,ok
Lib_Tree_04.041,Collection,other,-96.6,-46.75,1.282,1.281,0.001,ok
Lib_Tree_05.010,Collection,other,-87.95,-139.73,5.358,5.359,-0.001,ok
Lib_Tree_05.015,Collection,other,-143.77,-75.39,0.305,0.304,0.001,ok
Lib_Tree_05.017,Collection,other,-195.41,-98.14,-0.584,-0.583,-0.001,ok
Lib_Tree_05.020,Collection,other,-84.44,-51.67,1.308,1.307,0.001,ok
Lib_Tree_05.029,Collection,other,-110.74,60.39,0.609,0.608,0.001,ok
Lib_Tree_06.012,Collection,other,-189.94,-138.59,-3.054,-3.053,-0.001,ok
Lib_Tree_06.013,Collection,other,-124.7,-25.01,-0.052,-0.051,-0.001,ok
Lib_Tree_06.015,Collection,other,5.09,-85.29,19.46,19.461,-0.001,ok
Lib_Tree_06.019,Collection,other,-94.69,-51.82,1.577,1.577,0.001,ok
Lib_Tree_06.021,Collection,other,-113.56,-23.82,0.018,0.018,0.001,ok
Lib_Tree_06.024,Collection,other,-134.44,-52.9,-0.514,-0.513,-0.001,ok
Lib_Tree_06.025,Collection,other,-115.2,-128.28,3.092,3.093,-0.001,ok
Lib_Tree_06.026,Collection,other,-62.47,-24.69,1.055,1.056,-0.001,ok
Lib_Tree_06.027,Collection,other,-83.92,5.41,1.11,1.11,-0.001,ok
Lib_Tree_06.029,Collection,other,-46.34,-74.33,6.996,6.995,0.001,ok
Lib_Tree_06.031,Collection,other,-190.24,203.14,2.435,2.434,0.001,ok
Lib_Tree_06.034,Collection,other,-84.99,215.9,1.036,1.037,-0.001,ok
Lib_Tree_06.041,Collection,other,-99.82,51.31,0.665,0.664,0.001,ok
Lib_Tree_06.042,Collection,other,-130.77,212.83,-1.009,-1.01,0.001,ok
Lib_Tree_06.043,Collection,other,-146.78,214.0,-0.292,-0.293,0.001,ok
Lib_Tree_07.004,Collection,other,-184.22,5.44,0.877,0.878,-0.001,ok
Lib_Tree_07.006,Collection,other,-13.72,106.77,2.304,2.305,-0.001,ok
Lib_Tree_07.007,Collection,other,-147.79,-33.51,-1.234,-1.233,-0.001,ok
Lib_Tree_07.008,Collection,other,-182.5,9.07,1.442,1.442,-0.001,ok
Lib_Tree_07.016,Collection,other,-139.53,-157.22,-0.5,-0.499,-0.001,ok
Lib_Tree_07.017,Collection,other,-5.17,-124.06,17.608,17.609,-0.001,ok
Lib_Tree_07.018,Collection,other,-5.49,-124.82,17.444,17.445,-0.001,ok
Lib_Tree_07.027,Collection,other,-102.58,-128.94,3.997,3.997,-0.001,ok
Lib_Tree_07.029,Collection,other,-128.13,-76.1,1.678,1.678,-0.001,ok
Lib_Tree_07.031,Collection,other,-187.6,-67.1,-0.113,-0.114,0.001,ok
Lib_Tree_07.032,Collection,other,-61.44,-110.93,8.538,8.539,-0.001,ok
Lib_Tree_07.034,Collection,other,-178.42,63.54,3.611,3.61,0.001,ok
Lib_Tree_07.038,Collection,other,-50.92,-82.51,7.279,7.28,-0.001,ok
Lib_Tree_09.002,Collection,other,-130.67,61.97,0.801,0.802,-0.001,ok
Lib_Tree_09.012,Collection,other,77.21,44.07,17.852,17.853,-0.001,ok
Lib_Tree_09.019,Collection,other,-85.6,8.78,1.069,1.068,0.001,ok
Lib_Tree_09.021,Collection,other,-88.19,-54.26,1.587,1.589,-0.001,ok
Lib_Tree_09.026,Collection,other,-206.44,198.88,3.567,3.568,-0.001,ok
Lib_Tree_09.027,Collection,other,-213.1,64.53,4.028,4.028,0.001,ok
Lib_Tree_10.016,Collection,other,-34.91,-21.96,2.691,2.691,-0.001,ok
Lib_Tree_10.018,Collection,other,-32.3,-60.19,7.81,7.811,-0.001,ok
Lib_Tree_10.021,Collection,other,-14.39,-120.46,14.624,14.624,-0.001,ok
Lib_Tree_10.022,Collection,other,14.53,-90.85,23.675,23.676,-0.001,ok
Lib_Tree_11.001,Collection,other,-153.75,-13.04,0.965,0.965,0.001,ok
Lib_Tree_11.013,Collection,other,-56.16,-94.33,7.935,7.936,-0.001,ok
Lib_Tree_11.017,Collection,other,-60.15,-126.53,8.36,8.36,0.001,ok
Lib_Tree_11.018,Collection,other,-79.59,-92.63,5.442,5.443,-0.001,ok
Lib_Tree_11.020,Collection,other,-172.24,-61.35,-1.442,-1.441,-0.001,ok
Lib_Tree_11.028,Collection,other,-169.29,79.01,1.368,1.369,-0.001,ok
Lib_Tree_11.029,Collection,other,-156.52,-31.35,-1.382,-1.383,0.001,ok
Lib_Tree_11.030,Collection,other,-168.57,57.4,2.876,2.878,-0.001,ok
Lib_Tree_12.003,Collection,other,49.45,-93.37,39.92,39.919,0.001,ok
Lib_Tree_12.004,Collection,other,58.35,-101.52,46.311,46.31,0.001,ok
Lib_Tree_12.005,Collection,other,-187.77,2.86,0.313,0.311,0.001,ok
Lib_Tree_12.008,Collection,other,-147.78,-76.21,0.099,0.099,-0.001,ok
Lib_Tree_12.022,Collection,other,-130.73,-145.1,1.621,1.62,0.001,ok
Lib_Tree_12.023,Collection,other,-117.39,-54.9,1.291,1.292,-0.001,ok
Lib_Tree_16.002,Collection,other,-178.75,53.81,4.111,4.112,-0.001,ok
Lib_Tree_16.003,Collection,other,-146.27,79.1,-0.559,-0.559,-0.001,ok
Lib_Tree_16.016,Collection,other,-149.11,-127.36,1.938,1.938,0.001,ok
Lib_Tree_16.031,Collection,other,-176.04,-82.18,0.018,0.019,-0.001,ok
Lib_Tree_16.042,Collection,other,-75.29,-69.82,3.028,3.03,-0.001,ok
Lib_Tree_17.020,Collection,other,-124.12,-24.32,-0.04,-0.038,-0.001,ok
Lib_Tree_17.022,Collection,other,-199.09,-32.53,-1.345,-1.344,-0.001,ok
Lib_Tree_17.028,Collection,other,-111.01,60.11,0.649,0.65,-0.001,ok
Lib_Tree_21.031,Collection,other,23.37,-107.72,29.733,29.734,-0.001,ok
Lib_Tree_22.015,Collection,other,-176.13,-34.58,-1.848,-1.848,0.001,ok
Lib_Tree_23.014,Collection,other,-183.38,-156.29,-3.535,-3.536,0.001,ok
POI_CaveRockB,Collection,other,170.01,175.01,8.051,8.05,0.001,ok
Lib_Rock_01.001,Collection,A_crater,-105.76,170.51,-1.009,-1.008,-0.0,ok
Lib_Rock_02.001,Collection,C_rural,140.77,105.1,5.3,5.3,0.0,ok
Lib_Rock_03.003,Collection,other,-115.27,181.88,-0.887,-0.887,0.0,ok
Lib_Rock_03.005,Collection,A_crater,-159.08,184.06,-1.143,-1.143,0.0,ok
Lib_Rock_03.006,Collection,C_rural,162.64,135.92,5.614,5.614,-0.0,ok
Lib_Rock_03.007,Collection,B_gorge,129.73,-98.59,76.943,76.943,0.0,ok
Lib_Rock_04.001,Collection,other,39.91,78.52,9.011,9.011,-0.0,ok
Lib_Rock_04.003,Collection,other,-157.89,191.49,-0.842,-0.842,0.0,ok
Lib_Rock_07.001,Collection,A_crater,-191.83,173.79,-0.998,-0.999,0.0,ok
Lib_Rock_07.002,Collection,other,-139.99,191.42,-1.059,-1.059,0.0,ok
Lib_Rock_08.002,Collection,C_rural,142.28,130.8,4.322,4.322,-0.0,ok
Lib_Shrub_01.001,Collection,other,118.84,-168.9,89.919,89.919,-0.0,ok
Lib_Shrub_02.004,Collection,A_crater,-153.32,183.51,-1.187,-1.187,0.0,ok
Lib_Shrub_02.005,Collection,A_crater,-181.34,177.57,-1.11,-1.11,0.0,ok
Lib_Shrub_02.006,Collection,C_rural,115.69,120.32,5.545,5.545,-0.0,ok
Lib_Shrub_03.001,Collection,other,-177.45,103.66,-0.873,-0.873,0.0,ok
Lib_Shrub_03.002,Collection,A_crater,-128.01,183.67,-1.03,-1.03,-0.0,ok
Lib_Shrub_03.003,Collection,C_rural,148.78,128.49,4.303,4.303,0.0,ok
Lib_Shrub_04.001,Collection,A_crater,-179.04,109.56,-1.062,-1.062,0.0,ok
Lib_Tree_01.005,Collection,other,-95.94,-17.01,0.221,0.222,-0.0,ok
Lib_Tree_01.007,Collection,other,-119.84,-12.85,0.22,0.22,-0.0,ok
Lib_Tree_01.013,Collection,other,-52.25,-61.45,4.182,4.181,0.0,ok
Lib_Tree_01.015,Collection,other,-55.88,-93.84,7.918,7.918,0.0,ok
Lib_Tree_02.007,Collection,other,-130.61,-5.54,1.24,1.24,0.0,ok
Lib_Tree_02.032,Collection,other,-88.22,186.25,0.708,0.708,0.0,ok
Lib_Tree_03.010,Collection,other,-111.63,-88.32,3.182,3.182,-0.0,ok
Lib_Tree_03.023,Collection,other,-130.31,-113.36,3.057,3.057,-0.0,ok
Lib_Tree_03.024,Collection,other,-152.89,-54.24,-2.037,-2.037,-0.0,ok
Lib_Tree_03.025,Collection,other,-203.06,-23.41,-1.479,-1.479,0.0,ok
Lib_Tree_04.009,Collection,other,-49.34,121.55,0.933,0.933,-0.0,ok
Lib_Tree_04.015,Collection,other,-133.24,-108.12,3.061,3.061,0.0,ok
Lib_Tree_04.017,Collection,other,-129.65,-114.73,3.031,3.031,-0.0,ok
Lib_Tree_04.022,Collection,other,-196.16,-98.8,-0.653,-0.652,-0.0,ok
Lib_Tree_04.023,Collection,other,-66.78,-84.56,5.636,5.636,-0.0,ok
Lib_Tree_05.007,Collection,other,-109.22,-26.94,0.143,0.142,0.0,ok
Lib_Tree_05.016,Collection,other,-176.52,-92.77,0.303,0.303,0.0,ok
Lib_Tree_05.018,Collection,other,-191.39,-23.34,-1.56,-1.56,0.0,ok
Lib_Tree_05.022,Collection,other,-92.3,8.76,0.821,0.821,-0.0,ok
Lib_Tree_05.024,Collection,other,-13.34,105.59,2.409,2.409,0.0,ok
Lib_Tree_05.031,Collection,other,-77.43,184.39,0.573,0.574,-0.0,ok
Lib_Tree_05.032,Collection,other,-212.88,64.91,4.04,4.04,0.0,ok
Lib_Tree_06.006,Collection,other,-118.36,-25.15,0.009,0.009,0.0,ok
Lib_Tree_06.016,Collection,other,-131.13,-113.44,3.062,3.062,-0.0,ok
Lib_Tree_06.017,Collection,other,-153.25,-54.22,-2.058,-2.058,-0.0,ok
Lib_Tree_06.023,Collection,other,-96.75,-91.71,4.064,4.065,-0.0,ok
Lib_Tree_06.033,Collection,other,-215.98,73.82,3.429,3.43,-0.0,ok
Lib_Tree_06.038,Collection,other,-90.96,189.46,0.726,0.726,0.0,ok
Lib_Tree_07.005,Collection,other,-73.3,-71.9,3.377,3.377,0.0,ok
Lib_Tree_07.019,Collection,other,-143.81,-76.07,0.369,0.369,-0.0,ok
Lib_Tree_07.021,Collection,other,-176.05,-92.56,0.332,0.332,-0.0,ok
Lib_Tree_07.022,Collection,other,-196.88,-98.67,-0.647,-0.647,-0.0,ok
Lib_Tree_07.025,Collection,other,-69.66,-76.04,4.158,4.158,-0.0,ok
Lib_Tree_07.026,Collection,other,-123.95,-13.66,0.338,0.338,0.0,ok
Lib_Tree_07.035,Collection,other,-136.17,56.76,1.403,1.403,0.0,ok
Lib_Tree_07.037,Collection,other,-212.47,60.96,4.178,4.178,-0.0,ok
Lib_Tree_08.003,Collection,other,-179.12,186.59,-0.829,-0.829,0.0,ok
Lib_Tree_08.004,Collection,other,-170.81,186.36,-0.949,-0.949,0.0,ok
Lib_Tree_08.005,Collection,other,-137.15,-100.42,2.832,2.832,0.0,ok
Lib_Tree_08.006,Collection,other,-126.62,55.75,1.496,1.496,0.0,ok
Lib_Tree_08.007,Collection,other,41.76,-101.08,37.323,37.323,0.0,ok
Lib_Tree_08.009,Collection,other,-159.85,-115.57,1.784,1.784,-0.0,ok
Lib_Tree_08.010,Collection,other,-92.61,-46.95,1.212,1.212,0.0,ok
Lib_Tree_08.016,Collection,other,-216.09,-104.7,-0.592,-0.592,0.0,ok
Lib_Tree_08.017,Collection,other,-203.39,-116.99,-1.988,-1.988,-0.0,ok
Lib_Tree_08.018,Collection,other,-53.44,-74.89,5.882,5.882,0.0,ok
Lib_Tree_08.019,Collection,other,-84.87,-13.42,0.669,0.669,-0.0,ok
Lib_Tree_08.021,Collection,other,-54.85,15.0,2.279,2.279,0.0,ok
Lib_Tree_08.024,Collection,other,-78.87,-54.66,1.441,1.441,-0.0,ok
Lib_Tree_08.025,Collection,other,-110.03,-99.19,3.377,3.377,0.0,ok
Lib_Tree_08.026,Collection,other,-142.55,-82.56,1.167,1.167,0.0,ok
Lib_Tree_08.027,Collection,other,-62.4,-64.82,3.244,3.244,-0.0,ok
Lib_Tree_08.028,Collection,other,-101.88,-22.84,0.146,0.146,-0.0,ok
Lib_Tree_08.029,Collection,other,-86.88,6.34,0.99,0.99,-0.0,ok
Lib_Tree_08.031,Collection,other,-157.49,-130.93,0.724,0.724,-0.0,ok
Lib_Tree_08.034,Collection,other,2.08,-78.14,17.453,17.453,0.0,ok
Lib_Tree_08.035,Collection,other,5.52,-85.14,19.566,19.566,0.0,ok
Lib_Tree_08.038,Collection,other,-216.0,54.77,3.802,3.802,-0.0,ok
Lib_Tree_08.041,Collection,other,-78.57,187.1,0.67,0.67,0.0,ok
Lib_Tree_09.005,Collection,other,-145.54,-69.04,-0.514,-0.514,0.0,ok
Lib_Tree_09.010,Collection,other,-176.91,-92.38,0.289,0.289,0.0,ok
Lib_Tree_09.011,Collection,other,-52.66,-75.19,6.044,6.044,0.0,ok
Lib_Tree_09.015,Collection,other,-92.7,-39.7,0.817,0.817,-0.0,ok
Lib_Tree_09.016,Collection,other,-66.97,-69.88,3.523,3.524,-0.0,ok
Lib_Tree_09.022,Collection,other,-163.93,-42.28,-2.255,-2.255,-0.0,ok
Lib_Tree_10.002,Collection,other,-90.51,-30.68,0.489,0.489,-0.0,ok
Lib_Tree_10.004,Collection,other,-131.9,-29.48,-0.312,-0.313,0.0,ok
Lib_Tree_10.006,Collection,other,-94.87,-84.18,3.829,3.829,-0.0,ok
Lib_Tree_10.014,Collection,other,-71.66,-70.17,3.233,3.234,-0.0,ok
Lib_Tree_10.015,Collection,other,-143.67,-76.05,0.378,0.378,-0.0,ok
Lib_Tree_10.017,Collection,other,-153.58,-54.17,-2.078,-2.078,-0.0,ok
Lib_Tree_10.020,Collection,other,-120.18,-140.03,2.739,2.739,-0.0,ok
Lib_Tree_10.026,Collection,other,-153.45,73.51,0.286,0.286,-0.0,ok
Lib_Tree_10.028,Collection,other,-212.7,60.57,4.155,4.155,-0.0,ok
Lib_Tree_10.029,Collection,other,-78.78,186.76,0.66,0.66,0.0,ok
Lib_Tree_11.002,Collection,other,-81.94,-135.41,6.064,6.063,0.0,ok
Lib_Tree_11.004,Collection,other,-82.66,-145.37,5.591,5.59,0.0,ok
Lib_Tree_11.005,Collection,other,-129.82,-89.4,2.439,2.44,-0.0,ok
Lib_Tree_11.007,Collection,other,-160.5,-18.17,-0.057,-0.057,0.0,ok
Lib_Tree_11.008,Collection,other,-126.31,-21.04,0.071,0.071,0.0,ok
Lib_Tree_11.011,Collection,other,-128.91,-22.98,-0.02,-0.02,0.0,ok
Lib_Tree_11.012,Collection,other,-130.73,-113.8,3.054,3.054,0.0,ok
Lib_Tree_11.014,Collection,other,-56.34,-93.91,7.877,7.877,-0.0,ok
Lib_Tree_11.015,Collection,other,-135.9,-115.82,3.027,3.027,0.0,ok
Lib_Tree_11.016,Collection,other,-98.27,-6.44,0.226,0.226,0.0,ok
Lib_Tree_11.019,Collection,other,6.91,101.92,4.955,4.956,-0.0,ok
Lib_Tree_11.021,Collection,other,-137.64,-86.38,1.836,1.837,-0.0,ok
Lib_Tree_11.023,Collection,other,-176.07,54.48,3.828,3.829,-0.0,ok
Lib_Tree_11.026,Collection,other,-206.16,198.86,3.559,3.559,-0.0,ok
Lib_Tree_11.027,Collection,other,-193.06,64.14,4.808,4.808,-0.0,ok
Lib_Tree_12.009,Collection,other,-165.13,-103.8,1.382,1.382,0.0,ok
Lib_Tree_12.014,Collection,other,-105.56,-128.47,3.716,3.715,0.0,ok
Lib_Tree_12.015,Collection,other,-85.46,-96.44,5.219,5.219,-0.0,ok
Lib_Tree_12.017,Collection,other,-136.41,-92.84,2.409,2.409,-0.0,ok
Lib_Tree_12.020,Collection,other,-8.06,-29.95,8.489,8.488,0.0,ok
Lib_Tree_12.024,Collection,other,10.48,-88.89,21.836,21.836,-0.0,ok
Lib_Tree_12.025,Collection,other,-208.65,-14.34,-1.181,-1.181,0.0,ok
Lib_Tree_12.026,Collection,other,-5.76,-79.65,15.743,15.743,-0.0,ok
Lib_Tree_12.027,Collection,other,-67.79,-99.21,7.254,7.254,-0.0,ok
Lib_Tree_12.029,Collection,other,-87.58,189.48,0.7,0.7,0.0,ok
Lib_Tree_12.030,Collection,other,-90.74,189.8,0.726,0.726,-0.0,ok
Lib_Tree_12.034,Collection,other,-124.76,-48.8,0.31,0.31,-0.0,ok
Lib_Tree_13.003,Collection,other,-166.47,54.97,2.848,2.848,0.0,ok
Lib_Tree_13.004,Collection,other,-188.84,72.85,3.955,3.955,-0.0,ok
Lib_Tree_13.006,Collection,other,-198.58,-55.99,-0.149,-0.149,0.0,ok
Lib_Tree_13.008,Collection,other,-194.96,-64.04,0.117,0.117,-0.0,ok
Lib_Tree_13.009,Collection,other,-149.06,-122.03,2.374,2.374,0.0,ok
Lib_Tree_13.010,Collection,other,-162.77,-122.48,0.974,0.974,0.0,ok
Lib_Tree_13.016,Collection,other,-205.5,-99.54,-0.702,-0.702,0.0,ok
Lib_Tree_13.018,Collection,other,-5.15,-124.7,17.584,17.584,-0.0,ok
Lib_Tree_13.019,Collection,other,-54.9,-85.15,7.054,7.054,-0.0,ok
Lib_Tree_13.021,Collection,other,-76.46,-51.26,1.186,1.186,-0.0,ok
Lib_Tree_13.022,Collection,other,-101.8,5.8,0.57,0.57,0.0,ok
Lib_Tree_13.026,Collection,other,-35.24,-82.98,9.945,9.945,-0.0,ok
Lib_Tree_13.027,Collection,other,-78.6,-159.1,5.17,5.17,0.0,ok
Lib_Tree_13.028,Collection,other,-98.74,-66.43,2.673,2.673,-0.0,ok
Lib_Tree_13.029,Collection,other,-125.29,-104.48,3.022,3.022,-0.0,ok
Lib_Tree_13.030,Collection,other,-215.99,73.75,3.432,3.432,-0.0,ok
Lib_Tree_13.033,Collection,other,-216.01,54.65,3.799,3.799,-0.0,ok
Lib_Tree_13.037,Collection,other,-215.51,90.6,2.879,2.879,-0.0,ok
Lib_Tree_14.002,Collection,other,-189.33,-41.47,-1.236,-1.236,0.0,ok
Lib_Tree_14.003,Collection,other,-202.67,-1.59,-0.551,-0.551,-0.0,ok
Lib_Tree_14.004,Collection,other,-167.73,-34.61,-1.939,-1.939,-0.0,ok
Lib_Tree_14.005,Collection,other,-137.86,-98.78,2.74,2.74,0.0,ok
Lib_Tree_14.006,Collection,other,-97.31,-82.29,3.62,3.619,0.0,ok
Lib_Tree_14.009,Collection,other,-92.09,-48.62,1.297,1.297,0.0,ok
Lib_Tree_14.010,Collection,other,-133.77,-41.23,-0.679,-0.679,-0.0,ok
Lib_Tree_14.013,Collection,other,-52.68,-61.07,4.061,4.061,0.0,ok
Lib_Tree_14.015,Collection,other,-177.74,-131.11,-1.724,-1.724,-0.0,ok
Lib_Tree_14.016,Collection,other,-81.88,-63.35,2.228,2.228,0.0,ok
Lib_Tree_14.017,Collection,other,-109.59,-138.89,3.508,3.508,-0.0,ok
Lib_Tree_14.019,Collection,other,-34.94,-93.15,10.594,10.595,-0.0,ok
Lib_Tree_14.020,Collection,other,-105.63,12.02,0.886,0.886,-0.0,ok
Lib_Tree_14.021,Collection,other,-95.84,-7.66,0.297,0.298,-0.0,ok
Lib_Tree_14.022,Collection,other,-13.25,-105.23,15.391,15.391,-0.0,ok
Lib_Tree_14.024,Collection,other,-162.94,54.72,2.548,2.548,0.0,ok
Lib_Tree_14.025,Collection,other,-207.13,62.43,4.657,4.657,-0.0,ok
Lib_Tree_14.027,Collection,other,-215.88,216.02,2.514,2.514,0.0,ok
Lib_Tree_14.030,Collection,other,-112.69,-89.11,3.151,3.151,0.0,ok
Lib_Tree_15.001,Collection,other,21.19,80.65,7.367,7.366,0.0,ok
Lib_Tree_15.004,Collection,other,-196.86,-11.58,-1.285,-1.285,-0.0,ok
Lib_Tree_15.005,Collection,other,-125.11,-98.08,2.909,2.909,0.0,ok
Lib_Tree_15.006,Collection,other,-56.91,-96.4,8.067,8.066,0.0,ok
Lib_Tree_15.007,Collection,other,-95.99,-12.77,0.226,0.226,0.0,ok
Lib_Tree_15.009,Collection,other,-153.26,-23.85,-0.442,-0.442,0.0,ok
Lib_Tree_15.011,Collection,other,-84.16,-13.55,0.697,0.697,0.0,ok
Lib_Tree_15.012,Collection,other,-203.27,-23.0,-1.48,-1.48,-0.0,ok
Lib_Tree_15.014,Collection,other,-91.76,-102.08,4.848,4.848,0.0,ok
Lib_Tree_15.015,Collection,other,-190.98,-23.45,-1.565,-1.565,-0.0,ok
Lib_Tree_15.017,Collection,other,-93.49,-64.9,2.504,2.504,-0.0,ok
Lib_Tree_15.018,Collection,other,-117.95,-130.44,2.958,2.957,0.0,ok
Lib_Tree_15.019,Collection,other,-98.38,-5.76,0.242,0.242,0.0,ok
Lib_Tree_15.020,Collection,other,-138.42,-100.9,2.832,2.832,0.0,ok
Lib_Tree_15.021,Collection,other,-176.06,-23.13,-1.301,-1.301,0.0,ok
Lib_Tree_15.023,Collection,other,-190.62,203.14,2.452,2.452,-0.0,ok
Lib_Tree_16.005,Collection,other,-33.97,-39.44,4.471,4.471,-0.0,ok
Lib_Tree_16.008,Collection,other,-155.53,39.18,3.368,3.368,-0.0,ok
Lib_Tree_16.009,Collection,other,-91.56,-98.22,4.736,4.736,0.0,ok
Lib_Tree_16.010,Collection,other,-69.78,-64.45,2.597,2.597,-0.0,ok
Lib_Tree_16.011,Collection,other,-159.33,-118.06,1.728,1.727,0.0,ok
Lib_Tree_16.012,Collection,other,-139.73,-103.71,2.943,2.943,-0.0,ok
Lib_Tree_16.018,Collection,other,-39.46,-70.01,7.736,7.736,0.0,ok
Lib_Tree_16.020,Collection,other,-53.17,-61.48,4.036,4.036,-0.0,ok
Lib_Tree_16.022,Collection,other,-46.29,-86.75,8.456,8.456,0.0,ok
Lib_Tree_16.024,Collection,other,-143.51,-39.35,-1.364,-1.365,0.0,ok
Lib_Tree_16.027,Collection,other,-73.12,-75.09,3.811,3.811,-0.0,ok
Lib_Tree_16.028,Collection,other,-136.96,-13.64,0.84,0.84,0.0,ok
Lib_Tree_16.029,Collection,other,-75.69,-110.15,7.078,7.077,0.0,ok
Lib_Tree_16.030,Collection,other,18.52,-96.94,26.298,26.297,0.0,ok
Lib_Tree_16.032,Collection,other,-4.27,102.81,3.652,3.652,0.0,ok
Lib_Tree_16.034,Collection,other,-126.81,68.58,-0.019,-0.018,-0.0,ok
Lib_Tree_16.035,Collection,other,-207.1,92.96,2.746,2.746,-0.0,ok
Lib_Tree_16.037,Collection,other,-206.81,62.08,4.683,4.683,0.0,ok
Lib_Tree_16.038,Collection,other,-158.77,79.57,0.313,0.313,-0.0,ok
Lib_Tree_16.039,Collection,other,-158.57,79.93,0.277,0.277,-0.0,ok
Lib_Tree_16.041,Collection,other,-80.96,216.0,1.49,1.49,0.0,ok
Lib_Tree_17.016,Collection,other,-93.93,-33.71,0.566,0.565,0.0,ok
Lib_Tree_17.031,Collection,other,-176.3,215.9,0.935,0.936,-0.0,ok
Lib_Tree_20.005,Collection,other,-204.67,-71.1,0.25,0.25,-0.0,ok
Lib_Tree_22.025,Collection,other,4.71,97.76,4.921,4.921,0.0,ok
POI_CaveRockA,Collection,other,165.01,178.01,8.147,8.146,0.0,ok
